sub_id	list	species_code	Anthropogenic materials present? u=unsure (bad picture)   n=No  y=Yes	Picture orientation: t=top  b=bottom  s=side  t/s=top/side  b/s=bottom/side	Where are the AMs located? o=outer part of nest  l=lining  o/l=Both	attempt_id	sumphotos	user_id	loc_id	latitude	longitude	subnational1_code	height_m	substrate_code	habitat_code_1	habitat_code_2	proj_period_id	outcome_code_list	first_lay_dt	hatch_dt	fledge_dt	clutch_size_host_atleast	young_host_total_atleast	young_host_fledged_atleast	eggs_host_unh_atleast	obs_dt	eggs_host_atleast	eggs_host_atmost	young_host_live_atleast	young_host_live_atmost	young_host_dead_atleast	young_host_dead_atmost	nest_status_code	mgmt_activity_code_list	adult_activity_code_list	young_host_max_devel	eggs_parasite_atleast	eggs_parasite_atmost	young_parasite_live_atleast	young_parasite_live_atmost	young_parasite_dead_atleast	young_parasite_dead_atmost
S56486204		grycat				A1349235	8	USER467984	L9298907	39.736757	-75.656908	US-DE	1.8288	other	NW-ry	NW-ry	NW_2019	s1	21MAY2019:00:00:00.000000	05JUN2019:00:00:00.000000	16JUN2019:00:00:00.000000	4	3	3	1	19MAY2019:00:00:00.000000	0		0		0		cn	no	aa	no	0		0		0	
S56626974	https://citsci-nw-data-prod.s3.amazonaws.com/photos/visits/2019/05/21/5DB0A12E-59A9-4C27.jpeg	grycat	n	t		A1349235	8	USER467984	L9298907	39.736757	-75.656908	US-DE	1.8288	other	NW-ry	NW-ry	NW_2019	s1	21MAY2019:00:00:00.000000	05JUN2019:00:00:00.000000	16JUN2019:00:00:00.000000	4	3	3	1	21MAY2019:00:00:00.000000	1		0		0		cn	no	no	no	0		0		0	
S56660880	https://citsci-nw-data-prod.s3.amazonaws.com/photos/visits/2019/05/23/693E99A4-102D-4D0D.jpeg	grycat	n	t		A1349235	8	USER467984	L9298907	39.736757	-75.656908	US-DE	1.8288	other	NW-ry	NW-ry	NW_2019	s1	21MAY2019:00:00:00.000000	05JUN2019:00:00:00.000000	16JUN2019:00:00:00.000000	4	3	3	1	23MAY2019:00:00:00.000000	3		0		0		cn	no	aa	no	0		0		0	
S56768041	https://citsci-nw-data-prod.s3.amazonaws.com/photos/visits/2019/05/26/CD9CB1F4-9BC7-486C.jpeg	grycat	n	t/s		A1349235	8	USER467984	L9298907	39.736757	-75.656908	US-DE	1.8288	other	NW-ry	NW-ry	NW_2019	s1	21MAY2019:00:00:00.000000	05JUN2019:00:00:00.000000	16JUN2019:00:00:00.000000	4	3	3	1	26MAY2019:00:00:00.000000	4		0		0		cn	no	no	no	0		0		0	
S56915481		grycat				A1349235	8	USER467984	L9298907	39.736757	-75.656908	US-DE	1.8288	other	NW-ry	NW-ry	NW_2019	s1	21MAY2019:00:00:00.000000	05JUN2019:00:00:00.000000	16JUN2019:00:00:00.000000	4	3	3	1	30MAY2019:00:00:00.000000	4		0		0		cn	no	va	no	0		0		0	
S56999234		grycat				A1349235	8	USER467984	L9298907	39.736757	-75.656908	US-DE	1.8288	other	NW-ry	NW-ry	NW_2019	s1	21MAY2019:00:00:00.000000	05JUN2019:00:00:00.000000	16JUN2019:00:00:00.000000	4	3	3	1	02JUN2019:00:00:00.000000	4		0		0		cn		va	no	0		0		0	
S57102742	https://citsci-nw-data-prod.s3.amazonaws.com/photos/visits/2019/06/05/0542C9D5-764D-4C16.jpeg	grycat	n	t		A1349235	8	USER467984	L9298907	39.736757	-75.656908	US-DE	1.8288	other	NW-ry	NW-ry	NW_2019	s1	21MAY2019:00:00:00.000000	05JUN2019:00:00:00.000000	16JUN2019:00:00:00.000000	4	3	3	1	05JUN2019:00:00:00.000000	2		2		0		cn	no	va	ny	0		0		0	
S57178355	https://citsci-nw-data-prod.s3.amazonaws.com/photos/visits/2019/06/07/B560886E-9DC0-4451.jpeg	grycat	n	t		A1349235	8	USER467984	L9298907	39.736757	-75.656908	US-DE	1.8288	other	NW-ry	NW-ry	NW_2019	s1	21MAY2019:00:00:00.000000	05JUN2019:00:00:00.000000	16JUN2019:00:00:00.000000	4	3	3	1	07JUN2019:00:00:00.000000	1		3		0		cn	no	va	ny	0		0		0	
S57391329	https://citsci-nw-data-prod.s3.amazonaws.com/photos/visits/2019/06/12/DDCD9E50-F36D-4404.jpeg	grycat	n	t		A1349235	8	USER467984	L9298907	39.736757	-75.656908	US-DE	1.8288	other	NW-ry	NW-ry	NW_2019	s1	21MAY2019:00:00:00.000000	05JUN2019:00:00:00.000000	16JUN2019:00:00:00.000000	4	3	3	1	12JUN2019:00:00:00.000000	0		3		0		cn	no	va	py	0		0		0	
S57391421	https://citsci-nw-data-prod.s3.amazonaws.com/photos/visits/2019/06/15/AD413CE8-07A6-4351.jpeg	grycat	n	t		A1349235	8	USER467984	L9298907	39.736757	-75.656908	US-DE	1.8288	other	NW-ry	NW-ry	NW_2019	s1	21MAY2019:00:00:00.000000	05JUN2019:00:00:00.000000	16JUN2019:00:00:00.000000	4	3	3	1	15JUN2019:00:00:00.000000	0		3		0		cn	no	va	fy	0		0		0	
S57490134	https://citsci-nw-data-prod.s3.amazonaws.com/photos/visits/2019/06/17/IMG5131.JPG	grycat	u	s		A1349235	8	USER467984	L9298907	39.736757	-75.656908	US-DE	1.8288	other	NW-ry	NW-ry	NW_2019	s1	21MAY2019:00:00:00.000000	05JUN2019:00:00:00.000000	16JUN2019:00:00:00.000000	4	3	3	1	17JUN2019:00:00:00.000000	0		1		0		cn	no	va	fy	0		0		0	
S56876374		grycat				A1351506	1	USER331470	L9369359	43.001018	-75.224065	US-NY	0.9144	busshr	NW-ry	NW-ag	NW_2019	f1	28MAY2019:00:00:00.000000			3	0	0	0	29MAY2019:00:00:00.000000	3		0		0		cn	no	va	no	0		0		0	
S57050462		grycat				A1351506	1	USER331470	L9369359	43.001018	-75.224065	US-NY	0.9144	busshr	NW-ry	NW-ag	NW_2019	f1	28MAY2019:00:00:00.000000			3	0	0	0	03JUN2019:00:00:00.000000	1		2		0		cn	no	aa	ny	0		0		0	
S57107970	https://citsci-nw-data-prod.s3.amazonaws.com/photos/visits/2019/06/05/DSCN6569.JPG	grycat	n	t		A1351506	1	USER331470	L9369359	43.001018	-75.224065	US-NY	0.9144	busshr	NW-ry	NW-ag	NW_2019	f1	28MAY2019:00:00:00.000000			3	0	0	0	05JUN2019:00:00:00.000000	0		3		0		cn	no	aa	ny	0		0		0	
S57226865		grycat				A1351506	1	USER331470	L9369359	43.001018	-75.224065	US-NY	0.9144	busshr	NW-ry	NW-ag	NW_2019	f1	28MAY2019:00:00:00.000000			3	0	0	0	09JUN2019:00:00:00.000000	0		0		2		cn	nm	no	no	0		0		0	
S57513358	https://citsci-nw-data-prod.s3.amazonaws.com/photos/visits/2019/06/17/IMG4665.jpg	grycat	n	t		A1355513	1	USER1346602	L9498092	44.20944	-69.077927	US-ME	0.6096	busshr	NW-ry	NW-ry	NW_2019	s1		15JUN2019:00:00:00.000000	24JUN2019:00:00:00.000000			3		17JUN2019:00:00:00.000000			3				cn	no	aa	ny						
S57513381		grycat				A1355513	1	USER1346602	L9498092	44.20944	-69.077927	US-ME	0.6096	busshr	NW-ry	NW-ry	NW_2019	s1		15JUN2019:00:00:00.000000	24JUN2019:00:00:00.000000			3		19JUN2019:00:00:00.000000			3				cn	no	fa	py						
S57674617		grycat				A1355513	1	USER1346602	L9498092	44.20944	-69.077927	US-ME	0.6096	busshr	NW-ry	NW-ry	NW_2019	s1		15JUN2019:00:00:00.000000	24JUN2019:00:00:00.000000			3		22JUN2019:00:00:00.000000			3				cn	no	aa	py						
S57674623		grycat				A1355513	1	USER1346602	L9498092	44.20944	-69.077927	US-ME	0.6096	busshr	NW-ry	NW-ry	NW_2019	s1		15JUN2019:00:00:00.000000	24JUN2019:00:00:00.000000			3		24JUN2019:00:00:00.000000			3				cn	no	va	fy						
S57658939		grycat				A1356226	5	USER1392788	L9528284	42.534658	-90.727912	US-IA	1.524	busshr	NW-ry	NW-ry	NW_2019	s1	23JUN2019:00:00:00.000000	06JUL2019:00:00:00.000000	15JUL2019:00:00:00.000000	3	3	3	0	23JUN2019:00:00:00.000000	1	999999999	1	999999999	1	999999999	cn	no	ra	no	1	999999999	1	999999999	1	999999999
S57740804	https://citsci-nw-data-prod.s3.amazonaws.com/photos/visits/2019/06/27/DSCF2325.png	grycat	y	t/s	o	A1356226	5	USER1392788	L9528284	42.534658	-90.727912	US-IA	1.524	busshr	NW-ry	NW-ry	NW_2019	s1	23JUN2019:00:00:00.000000	06JUL2019:00:00:00.000000	15JUL2019:00:00:00.000000	3	3	3	0	27JUN2019:00:00:00.000000	3		0		0		cn	no	aa	no	0		0		0	
S57821508	https://citsci-nw-data-prod.s3.amazonaws.com/photos/visits/2019/06/30/DSCF2451.jpg, https://citsci-nw-data-prod.s3.amazonaws.com/photos/visits/2019/06/30/DSCF2447.png	grycat	n, u	t/s, s		A1356226	5	USER1392788	L9528284	42.534658	-90.727912	US-IA	1.524	busshr	NW-ry	NW-ry	NW_2019	s1	23JUN2019:00:00:00.000000	06JUL2019:00:00:00.000000	15JUL2019:00:00:00.000000	3	3	3	0	30JUN2019:00:00:00.000000	3		0		0		cn	no	aa	no	0		0		0	
S58105034	https://citsci-nw-data-prod.s3.amazonaws.com/photos/visits/2019/07/11/DSCF2681.jpg	grycat	y	t/s	o	A1356226	5	USER1392788	L9528284	42.534658	-90.727912	US-IA	1.524	busshr	NW-ry	NW-ry	NW_2019	s1	23JUN2019:00:00:00.000000	06JUL2019:00:00:00.000000	15JUL2019:00:00:00.000000	3	3	3	0	11JUL2019:00:00:00.000000	0		3		0		cn	no	va	py	0		0		0	
S58179320	https://citsci-nw-data-prod.s3.amazonaws.com/photos/visits/2019/07/14/DSCF2760.jpg	grycat	y	t/s	o	A1356226	5	USER1392788	L9528284	42.534658	-90.727912	US-IA	1.524	busshr	NW-ry	NW-ry	NW_2019	s1	23JUN2019:00:00:00.000000	06JUL2019:00:00:00.000000	15JUL2019:00:00:00.000000	3	3	3	0	14JUL2019:00:00:00.000000	0		3		0		cn	no	va	fy	0		0		0	
S68348457	https://citsci-nw-data-prod.s3.amazonaws.com/photos/visits/2020/05/03/20200503172325.jpg	grycat	y	t	o	A1392505	1	USER310314	L11326090	39.973268	-75.751295	US-PA	1.8288	busshr	NW-ry	NW-ry	NW_2020	f3	03MAY2020:00:00:00.000000			3	0	0	3	03MAY2020:00:00:00.000000	3		0		0		cn	no	no	no	0		0		0	
S69616177		grycat				A1392505	1	USER310314	L11326090	39.973268	-75.751295	US-PA	1.8288	busshr	NW-ry	NW-ry	NW_2020	f3	03MAY2020:00:00:00.000000			3	0	0	3	05MAY2020:00:00:00.000000	2		0		0		cn	no	va	no	0		0		0	
S69616283		grycat				A1392505	1	USER310314	L11326090	39.973268	-75.751295	US-PA	1.8288	busshr	NW-ry	NW-ry	NW_2020	f3	03MAY2020:00:00:00.000000			3	0	0	3	08MAY2020:00:00:00.000000	0		0		0		cn	no	no	no	0		0		0	
S68548684		grycat				A1393690	2	USER275047	L11355599	39.025762	-77.106021	US-MD	1.2192	busshr	NW-for	NW-ry	NW_2020	f6	07MAY2020:00:00:00.000000			3	0	0	3	04MAY2020:00:00:00.000000	0		0		0		in	no	ba	no	0		0		0	
S68548740		grycat				A1393690	2	USER275047	L11355599	39.025762	-77.106021	US-MD	1.2192	busshr	NW-for	NW-ry	NW_2020	f6	07MAY2020:00:00:00.000000			3	0	0	3	05MAY2020:00:00:00.000000	1	999999999	0		0		cn	no	no	no	1	999999999	0		0	
S68548741		grycat				A1393690	2	USER275047	L11355599	39.025762	-77.106021	US-MD	1.2192	busshr	NW-for	NW-ry	NW_2020	f6	07MAY2020:00:00:00.000000			3	0	0	3	06MAY2020:00:00:00.000000	1	999999999	0		0		cn	no	no	no	1	999999999	0		0	
S68548742	https://citsci-nw-data-prod.s3.amazonaws.com/photos/visits/2020/05/07/0U0A0995.JPG	grycat	n	s		A1393690	2	USER275047	L11355599	39.025762	-77.106021	US-MD	1.2192	busshr	NW-for	NW-ry	NW_2020	f6	07MAY2020:00:00:00.000000			3	0	0	3	07MAY2020:00:00:00.000000	1	999999999	0		0		cn	no	ra	no	1	999999999	0		0	
S68595207		grycat				A1393690	2	USER275047	L11355599	39.025762	-77.106021	US-MD	1.2192	busshr	NW-for	NW-ry	NW_2020	f6	07MAY2020:00:00:00.000000			3	0	0	3	08MAY2020:00:00:00.000000	1	999999999	0		0		cn	no	ra	no	1	999999999	0		0	
S68704342	https://citsci-nw-data-prod.s3.amazonaws.com/photos/visits/2020/05/09/IMG-9197.jpg	grycat	y	t	o/l	A1393690	2	USER275047	L11355599	39.025762	-77.106021	US-MD	1.2192	busshr	NW-for	NW-ry	NW_2020	f6	07MAY2020:00:00:00.000000			3	0	0	3	09MAY2020:00:00:00.000000	3		0		0		cn	no	no	no	0		0		0	
S68864498		grycat				A1393690	2	USER275047	L11355599	39.025762	-77.106021	US-MD	1.2192	busshr	NW-for	NW-ry	NW_2020	f6	07MAY2020:00:00:00.000000			3	0	0	3	10MAY2020:00:00:00.000000	0		0		0		dn	no	no	no	0		0		0	
S69305741	https://citsci-nw-data-prod.s3.amazonaws.com/photos/visits/2020/05/18/fskr21.jpg	grycat	u	s		A1396537	6	USER1388299	L11488191	43.246189	-70.872626	US-NH	1.3716	busshr			NW_2020	s1	24MAY2020:00:00:00.000000	10JUN2020:00:00:00.000000	20JUN2020:00:00:00.000000	4	4	4	0	18MAY2020:00:00:00.000000	0		0		0		in	no	ba							
S69430072	https://citsci-nw-data-prod.s3.amazonaws.com/photos/visits/2020/05/21/gkpuof.jpg	grycat	y	t	o/l	A1396537	6	USER1388299	L11488191	43.246189	-70.872626	US-NH	1.3716	busshr			NW_2020	s1	24MAY2020:00:00:00.000000	10JUN2020:00:00:00.000000	20JUN2020:00:00:00.000000	4	4	4	0	21MAY2020:17:08:54.000000	0		0		0		cn	no	va							
S69573612	https://citsci-nw-data-prod.s3.amazonaws.com/photos/visits/2020/05/24/2n5u2v.jpg	grycat	y	t	o/l	A1396537	6	USER1388299	L11488191	43.246189	-70.872626	US-NH	1.3716	busshr			NW_2020	s1	24MAY2020:00:00:00.000000	10JUN2020:00:00:00.000000	20JUN2020:00:00:00.000000	4	4	4	0	24MAY2020:13:55:17.000000	1		0		0		cn	no	va							
S69770991	https://citsci-nw-data-prod.s3.amazonaws.com/photos/visits/2020/05/28/bre8nc.jpg	grycat	y	t	o/l	A1396537	6	USER1388299	L11488191	43.246189	-70.872626	US-NH	1.3716	busshr			NW_2020	s1	24MAY2020:00:00:00.000000	10JUN2020:00:00:00.000000	20JUN2020:00:00:00.000000	4	4	4	0	28MAY2020:19:58:34.000000	4		0		0		cn	no	va	no						
S69994141	https://citsci-nw-data-prod.s3.amazonaws.com/photos/visits/2020/06/02/himvb7.jpg	grycat	y	t	o/l	A1396537	6	USER1388299	L11488191	43.246189	-70.872626	US-NH	1.3716	busshr			NW_2020	s1	24MAY2020:00:00:00.000000	10JUN2020:00:00:00.000000	20JUN2020:00:00:00.000000	4	4	4	0	02JUN2020:22:25:33.000000	4		0		0		cn	no	va	no						
S70170521		grycat				A1396537	6	USER1388299	L11488191	43.246189	-70.872626	US-NH	1.3716	busshr			NW_2020	s1	24MAY2020:00:00:00.000000	10JUN2020:00:00:00.000000	20JUN2020:00:00:00.000000	4	4	4	0	07JUN2020:14:45:38.000000	4		0		0		cn	no	va							
S70288228		grycat				A1396537	6	USER1388299	L11488191	43.246189	-70.872626	US-NH	1.3716	busshr			NW_2020	s1	24MAY2020:00:00:00.000000	10JUN2020:00:00:00.000000	20JUN2020:00:00:00.000000	4	4	4	0	10JUN2020:18:08:17.000000	0		1	999999999	0		cn	no	va	ny						
S70322244		grycat				A1396537	6	USER1388299	L11488191	43.246189	-70.872626	US-NH	1.3716	busshr			NW_2020	s1	24MAY2020:00:00:00.000000	10JUN2020:00:00:00.000000	20JUN2020:00:00:00.000000	4	4	4	0	11JUN2020:17:24:16.000000	0		4		0		cn	no	fa	ny						
S70417544		grycat				A1396537	6	USER1388299	L11488191	43.246189	-70.872626	US-NH	1.3716	busshr			NW_2020	s1	24MAY2020:00:00:00.000000	10JUN2020:00:00:00.000000	20JUN2020:00:00:00.000000	4	4	4	0	14JUN2020:08:55:38.000000	0		4		0		cn	no	fa	ny						
S70470930		grycat				A1396537	6	USER1388299	L11488191	43.246189	-70.872626	US-NH	1.3716	busshr			NW_2020	s1	24MAY2020:00:00:00.000000	10JUN2020:00:00:00.000000	20JUN2020:00:00:00.000000	4	4	4	0	15JUN2020:14:04:01.000000	0		4		0		cn	no	fa	py						
S70554402		grycat				A1396537	6	USER1388299	L11488191	43.246189	-70.872626	US-NH	1.3716	busshr			NW_2020	s1	24MAY2020:00:00:00.000000	10JUN2020:00:00:00.000000	20JUN2020:00:00:00.000000	4	4	4	0	17JUN2020:22:44:16.000000	0		4		0		cn	no	fa	py						
S70593370	https://citsci-nw-data-prod.s3.amazonaws.com/photos/visits/2020/06/18/iur4u3.jpg	grycat	y	t/s	o/l	A1396537	6	USER1388299	L11488191	43.246189	-70.872626	US-NH	1.3716	busshr			NW_2020	s1	24MAY2020:00:00:00.000000	10JUN2020:00:00:00.000000	20JUN2020:00:00:00.000000	4	4	4	0	18JUN2020:00:00:00.000000	0		4		0		cn	no	fa	fy						
S70611144		grycat				A1396537	6	USER1388299	L11488191	43.246189	-70.872626	US-NH	1.3716	busshr			NW_2020	s1	24MAY2020:00:00:00.000000	10JUN2020:00:00:00.000000	20JUN2020:00:00:00.000000	4	4	4	0	19JUN2020:18:42:47.000000	0		4		0		cn	no	fa	fy						
S70654112		grycat				A1396537	6	USER1388299	L11488191	43.246189	-70.872626	US-NH	1.3716	busshr			NW_2020	s1	24MAY2020:00:00:00.000000	10JUN2020:00:00:00.000000	20JUN2020:00:00:00.000000	4	4	4	0	20JUN2020:22:00:31.000000	0		0		0		cn	no	no	no						
S69752193	https://citsci-nw-data-prod.s3.amazonaws.com/photos/visits/2020/05/17/20200517163956.jpg	grycat	n	t/s		A1399390	6	USER1066210	L11568107	40.830393	-77.630132	US-PA	0.5	busshr	NW-oth	NW-ry	NW_2020	f3	20MAY2020:00:00:00.000000	02JUN2020:00:00:00.000000		4	0	0	4	17MAY2020:00:00:00.000000	0								ba							
S69752243	https://citsci-nw-data-prod.s3.amazonaws.com/photos/visits/2020/05/20/20200520155915.jpg	grycat	n	t/s		A1399390	6	USER1066210	L11568107	40.830393	-77.630132	US-PA	0.5	busshr	NW-oth	NW-ry	NW_2020	f3	20MAY2020:00:00:00.000000	02JUN2020:00:00:00.000000		4	0	0	4	20MAY2020:00:00:00.000000	1								va							
S69752244	https://citsci-nw-data-prod.s3.amazonaws.com/photos/visits/2020/05/23/20200523131306.jpg	grycat	n	t/s		A1399390	6	USER1066210	L11568107	40.830393	-77.630132	US-PA	0.5	busshr	NW-oth	NW-ry	NW_2020	f3	20MAY2020:00:00:00.000000	02JUN2020:00:00:00.000000		4	0	0	4	23MAY2020:00:00:00.000000	4								aa							
S69752284	https://citsci-nw-data-prod.s3.amazonaws.com/photos/visits/2020/05/27/20200527141920.jpg	grycat	n	t/s		A1399390	6	USER1066210	L11568107	40.830393	-77.630132	US-PA	0.5	busshr	NW-oth	NW-ry	NW_2020	f3	20MAY2020:00:00:00.000000	02JUN2020:00:00:00.000000		4	0	0	4	27MAY2020:00:00:00.000000	4								aa							
S70256068	https://citsci-nw-data-prod.s3.amazonaws.com/photos/visits/2020/05/30/20200530163605.jpg	grycat	n	t/s		A1399390	6	USER1066210	L11568107	40.830393	-77.630132	US-PA	0.5	busshr	NW-oth	NW-ry	NW_2020	f3	20MAY2020:00:00:00.000000	02JUN2020:00:00:00.000000		4	0	0	4	30MAY2020:00:00:00.000000	0								no							
S70256098	https://citsci-nw-data-prod.s3.amazonaws.com/photos/visits/2020/06/02/20200602161546.jpg	grycat	n	t/s		A1399390	6	USER1066210	L11568107	40.830393	-77.630132	US-PA	0.5	busshr	NW-oth	NW-ry	NW_2020	f3	20MAY2020:00:00:00.000000	02JUN2020:00:00:00.000000		4	0	0	4	02JUN2020:00:00:00.000000	0								no							
S69798516	https://citsci-nw-data-prod.s3.amazonaws.com/photos/visits/2020/05/29/ks44fl.jpg	grycat	N/A	N/A		A1399693	1	USER1088235	L7605256	42.257728	-71.269511	US-MA	1.524	nesbox	NW-ag	NW-ag	NW_2020	f6								29MAY2020:13:17:26.000000	0						cn		no							
S69980904		grycat				A1399693	1	USER1088235	L7605256	42.257728	-71.269511	US-MA	1.524	nesbox	NW-ag	NW-ag	NW_2020	f6								02JUN2020:16:08:46.000000	0						cn		va							
S70162393		grycat				A1399693	1	USER1088235	L7605256	42.257728	-71.269511	US-MA	1.524	nesbox	NW-ag	NW-ag	NW_2020	f6								07JUN2020:11:53:51.000000	0						cn	pm	no							
S70338765		grycat				A1399693	1	USER1088235	L7605256	42.257728	-71.269511	US-MA	1.524	nesbox	NW-ag	NW-ag	NW_2020	f6								11JUN2020:00:00:00.000000	0						cn		no							
S70477660		grycat				A1399693	1	USER1088235	L7605256	42.257728	-71.269511	US-MA	1.524	nesbox	NW-ag	NW-ag	NW_2020	f6								15JUN2020:17:21:43.000000	0		0		0		no		no	no						
S69816160	https://citsci-nw-data-prod.s3.amazonaws.com/photos/visits/2020/05/27/0566C119-D7DF-4B9C.jpeg	grycat	u	s		A1399796	2	USER467984	L11579038	39.787173	-75.670946	US-DE	1.2192	other	NW-ry	NW-ry	NW_2020	s1	29MAY2020:00:00:00.000000	14JUN2020:00:00:00.000000	24JUN2020:00:00:00.000000	4	4	1	0	27MAY2020:00:00:00.000000	0		0		0		cn	no	no	no	0		0		0	
S69816187	https://citsci-nw-data-prod.s3.amazonaws.com/photos/visits/2020/05/29/1CE2B171-12C9-42A5.jpeg	grycat	y	t	o	A1399796	2	USER467984	L11579038	39.787173	-75.670946	US-DE	1.2192	other	NW-ry	NW-ry	NW_2020	s1	29MAY2020:00:00:00.000000	14JUN2020:00:00:00.000000	24JUN2020:00:00:00.000000	4	4	1	0	29MAY2020:00:00:00.000000	1		0		0		cn	no		no	0		0		0	
S69965937		grycat				A1399796	2	USER467984	L11579038	39.787173	-75.670946	US-DE	1.2192	other	NW-ry	NW-ry	NW_2020	s1	29MAY2020:00:00:00.000000	14JUN2020:00:00:00.000000	24JUN2020:00:00:00.000000	4	4	1	0	01JUN2020:00:00:00.000000	4		0		0		cn	no	no	no	0		0		0	
S70311095		grycat				A1399796	2	USER467984	L11579038	39.787173	-75.670946	US-DE	1.2192	other	NW-ry	NW-ry	NW_2020	s1	29MAY2020:00:00:00.000000	14JUN2020:00:00:00.000000	24JUN2020:00:00:00.000000	4	4	1	0	04JUN2020:00:00:00.000000	4		0		0		cn	no		no	0		0		0	
S70312348		grycat				A1399796	2	USER467984	L11579038	39.787173	-75.670946	US-DE	1.2192	other	NW-ry	NW-ry	NW_2020	s1	29MAY2020:00:00:00.000000	14JUN2020:00:00:00.000000	24JUN2020:00:00:00.000000	4	4	1	0	09JUN2020:00:00:00.000000	4		0		0		cn	no		no	0		0		0	
S70441413		grycat				A1399796	2	USER467984	L11579038	39.787173	-75.670946	US-DE	1.2192	other	NW-ry	NW-ry	NW_2020	s1	29MAY2020:00:00:00.000000	14JUN2020:00:00:00.000000	24JUN2020:00:00:00.000000	4	4	1	0	14JUN2020:00:00:00.000000	0		4		0		cn	no		hy	0		0		0	
S70599740		grycat				A1399796	2	USER467984	L11579038	39.787173	-75.670946	US-DE	1.2192	other	NW-ry	NW-ry	NW_2020	s1	29MAY2020:00:00:00.000000	14JUN2020:00:00:00.000000	24JUN2020:00:00:00.000000	4	4	1	0	19JUN2020:00:00:00.000000	0		3		0		cn	no	va	py	0		0		0	
S70686525		grycat				A1399796	2	USER467984	L11579038	39.787173	-75.670946	US-DE	1.2192	other	NW-ry	NW-ry	NW_2020	s1	29MAY2020:00:00:00.000000	14JUN2020:00:00:00.000000	24JUN2020:00:00:00.000000	4	4	1	0	21JUN2020:00:00:00.000000	0		1		2		cn	pm	va	py	0		0		0	
S70782529		grycat				A1399796	2	USER467984	L11579038	39.787173	-75.670946	US-DE	1.2192	other	NW-ry	NW-ry	NW_2020	s1	29MAY2020:00:00:00.000000	14JUN2020:00:00:00.000000	24JUN2020:00:00:00.000000	4	4	1	0	24JUN2020:00:00:00.000000	0		0		0		cn	no	va	no	0		0		0	
S69952961		grycat				A1400341	1	USER1133085	L11603825	44.302796	-73.092232	US-VT	1.524	busshr			NW_2020	s1				3	3	3	0	31MAY2020:00:00:00.000000	3		0		0		cn	no	va							
S70057830		grycat				A1400341	1	USER1133085	L11603825	44.302796	-73.092232	US-VT	1.524	busshr			NW_2020	s1				3	3	3	0	04JUN2020:18:10:47.000000	3	3	0		0			no	va							
S70223802		grycat				A1400341	1	USER1133085	L11603825	44.302796	-73.092232	US-VT	1.524	busshr			NW_2020	s1				3	3	3	0	08JUN2020:20:50:03.000000	3		0		0			no	va							
S70389077		grycat				A1400341	1	USER1133085	L11603825	44.302796	-73.092232	US-VT	1.524	busshr			NW_2020	s1				3	3	3	0	13JUN2020:14:04:03.000000	0		3		0			no	aa	ny						
S70611944	https://citsci-nw-data-prod.s3.amazonaws.com/photos/visits/2020/06/19/agns4o.jpg	grycat	n	t/s		A1400341	1	USER1133085	L11603825	44.302796	-73.092232	US-VT	1.524	busshr			NW_2020	s1				3	3	3	0	19JUN2020:19:10:28.000000	0		3		0			no	va	fy						
S70880100		grycat				A1400341	1	USER1133085	L11603825	44.302796	-73.092232	US-VT	1.524	busshr			NW_2020	s1				3	3	3	0	27JUN2020:13:38:26.000000	0		0		0			no								
S70087513		grycat				A1401213	2	USER27971	L11627820	39.122005	-76.834811	US-MD	1.6002	busshr	NW-ry	NW-ry	NW_2020	f2		23MAY2020:00:00:00.000000			3	0	0	27MAY2020:00:00:00.000000	0		3		0		cn	no	va	ny	0		0		0	
S70087554	https://citsci-nw-data-prod.s3.amazonaws.com/photos/visits/2020/06/03/FREAS36-3-20.jpeg	grycat	y	t	l	A1401213	2	USER27971	L11627820	39.122005	-76.834811	US-MD	1.6002	busshr	NW-ry	NW-ry	NW_2020	f2		23MAY2020:00:00:00.000000			3	0	0	03JUN2020:00:00:00.000000	0		3		0		cn	no	va	py	0		0		0	
S70782368	https://citsci-nw-data-prod.s3.amazonaws.com/photos/visits/2020/06/07/4C18956C-196B-40D7.jpeg	grycat	y	t	o/l	A1401213	2	USER27971	L11627820	39.122005	-76.834811	US-MD	1.6002	busshr	NW-ry	NW-ry	NW_2020	f2		23MAY2020:00:00:00.000000			3	0	0	07JUN2020:00:00:00.000000	0		0		0		cn	no	va	no	0		0		0	
S70123821	https://citsci-nw-data-prod.s3.amazonaws.com/photos/visits/2020/06/05/IMG5351.jpeg	grycat	u	t		A1401445	4	USER1760709	L11634624	40.05891	-86.037049	US-IN	1.8288	floveg	NW-for		NW_2020	s1	06JUN2020:00:00:00.000000	21JUN2020:00:00:00.000000	03JUL2020:00:00:00.000000	4	4	3	0	05JUN2020:00:00:00.000000	0		0		0		cn	no	no	no	0		0		0	
S70134200	https://citsci-nw-data-prod.s3.amazonaws.com/photos/visits/2020/06/06/IMG5356.jpeg	grycat	n	t/s		A1401445	4	USER1760709	L11634624	40.05891	-86.037049	US-IN	1.8288	floveg	NW-for		NW_2020	s1	06JUN2020:00:00:00.000000	21JUN2020:00:00:00.000000	03JUL2020:00:00:00.000000	4	4	3	0	06JUN2020:00:00:00.000000	1		0		0		cn	no	va	no	0		0		0	
S70205063	https://citsci-nw-data-prod.s3.amazonaws.com/photos/visits/2020/06/08/IMG5362.jpeg	grycat	n	t		A1401445	4	USER1760709	L11634624	40.05891	-86.037049	US-IN	1.8288	floveg	NW-for		NW_2020	s1	06JUN2020:00:00:00.000000	21JUN2020:00:00:00.000000	03JUL2020:00:00:00.000000	4	4	3	0	08JUN2020:00:00:00.000000	3		0		0		cn	no	no	no	0		0		0	
S70312664	https://citsci-nw-data-prod.s3.amazonaws.com/photos/visits/2020/06/11/IMG5365.jpeg	grycat	n	t		A1401445	4	USER1760709	L11634624	40.05891	-86.037049	US-IN	1.8288	floveg	NW-for		NW_2020	s1	06JUN2020:00:00:00.000000	21JUN2020:00:00:00.000000	03JUL2020:00:00:00.000000	4	4	3	0	11JUN2020:00:00:00.000000	4		0		0		cn	no	aa	no	0		0		0	
S70720431		grycat				A1401445	4	USER1760709	L11634624	40.05891	-86.037049	US-IN	1.8288	floveg	NW-for		NW_2020	s1	06JUN2020:00:00:00.000000	21JUN2020:00:00:00.000000	03JUL2020:00:00:00.000000	4	4	3	0	22JUN2020:00:00:00.000000	0		4		0		cn	no	va	ny	0		0		0	
S70968442		grycat				A1401445	4	USER1760709	L11634624	40.05891	-86.037049	US-IN	1.8288	floveg	NW-for		NW_2020	s1	06JUN2020:00:00:00.000000	21JUN2020:00:00:00.000000	03JUL2020:00:00:00.000000	4	4	3	0	29JUN2020:00:00:00.000000	0		4		0		cn	no	va	py	0		0		0	
S71017503		grycat				A1401445	4	USER1760709	L11634624	40.05891	-86.037049	US-IN	1.8288	floveg	NW-for		NW_2020	s1	06JUN2020:00:00:00.000000	21JUN2020:00:00:00.000000	03JUL2020:00:00:00.000000	4	4	3	0	01JUL2020:00:00:00.000000	0		3		1		cn	no	va	fy	0		0		0	
S71535285		grycat				A1401445	4	USER1760709	L11634624	40.05891	-86.037049	US-IN	1.8288	floveg	NW-for		NW_2020	s1	06JUN2020:00:00:00.000000	21JUN2020:00:00:00.000000	03JUL2020:00:00:00.000000	4	4	3	0	03JUL2020:00:00:00.000000	0		2		1	999999999	cn	no	va	fy	0		0		0	
S70515021		grycat				A1403623	1	USER635924	L11711696	41.7986259	-91.5331955	US-IA	1.8288	busshr			NW_2020	s1		16JUN2020:00:00:00.000000	29JUN2020:00:00:00.000000	3	3	3	0	16JUN2020:18:02:36.000000	1		2		0		cn	no	va	hy						
S70673776		grycat				A1403623	1	USER635924	L11711696	41.7986259	-91.5331955	US-IA	1.8288	busshr			NW_2020	s1		16JUN2020:00:00:00.000000	29JUN2020:00:00:00.000000	3	3	3	0	21JUN2020:11:58:37.000000	0		3		0		cn	no	va	py						
S70775647	https://citsci-nw-data-prod.s3.amazonaws.com/photos/visits/2020/06/24/B0095F43-E437-495C.jpeg	grycat	y	s	t/s	A1403623	1	USER635924	L11711696	41.7986259	-91.5331955	US-IA	1.8288	busshr			NW_2020	s1		16JUN2020:00:00:00.000000	29JUN2020:00:00:00.000000	3	3	3	0	24JUN2020:10:39:01.000000	0		3		0		cn	no	va	fy						
S70992593		grycat				A1403623	1	USER635924	L11711696	41.7986259	-91.5331955	US-IA	1.8288	busshr			NW_2020	s1		16JUN2020:00:00:00.000000	29JUN2020:00:00:00.000000	3	3	3	0	30JUN2020:14:08:59.000000	0		0		0		fn	no	no	no						
S88979988	https://citsci-nw-data-prod.s3.amazonaws.com/photos/visits/2021/05/25/_l2pprr.jpeg	grycat	n	t		A1456314	3	USER387717	L15104870	43.415357	-75.968157	US-NY		busshr			NW_2021	f2		25MAY2021:00:00:00.000000						25MAY2021:16:40:24.000000	2		0		0		cn	no	va	hy						
S89078439	https://citsci-nw-data-prod.s3.amazonaws.com/photos/visits/2021/05/27/_60fsvo.jpeg	grycat	n	t		A1456314	3	USER387717	L15104870	43.415357	-75.968157	US-NY		busshr			NW_2021	f2		25MAY2021:00:00:00.000000						27MAY2021:11:08:55.000000	4		0		0		cn	no	aa	hy						
S89188469	https://citsci-nw-data-prod.s3.amazonaws.com/photos/visits/2021/05/29/_9gtm8e.jpeg	grycat	n	t		A1456314	3	USER387717	L15104870	43.415357	-75.968157	US-NY		busshr			NW_2021	f2		25MAY2021:00:00:00.000000						29MAY2021:08:46:11.000000	0		0		0		cn	no	no	no						
S90302197	https://citsci-nw-data-prod.s3.amazonaws.com/photos/visits/2021/06/16/_cdgsba.jpeg	grycat	n	t		A1461753	6	USER1388299	L11488191	43.246189	-70.872626	US-NH	1.3716	busshr			NW_2021	s1	18JUN2021:00:00:00.000000	01JUL2021:00:00:00.000000	14JUL2021:00:00:00.000000	3	3	3	0	16JUN2021:20:47:18.000000	0		0		0		cn	no	ba	no	0		0		0	
S90401144	https://citsci-nw-data-prod.s3.amazonaws.com/photos/visits/2021/06/18/_ro1fns.jpeg	grycat	n	t		A1461753	6	USER1388299	L11488191	43.246189	-70.872626	US-NH	1.3716	busshr			NW_2021	s1	18JUN2021:00:00:00.000000	01JUL2021:00:00:00.000000	14JUL2021:00:00:00.000000	3	3	3	0	18JUN2021:20:21:34.000000	1		0		0		cn	no	aa	no						
S90535724		grycat				A1461753	6	USER1388299	L11488191	43.246189	-70.872626	US-NH	1.3716	busshr			NW_2021	s1	18JUN2021:00:00:00.000000	01JUL2021:00:00:00.000000	14JUL2021:00:00:00.000000	3	3	3	0	20JUN2021:06:50:05.000000	3		0		0		cn	no	aa	no						
S90628312		grycat				A1461753	6	USER1388299	L11488191	43.246189	-70.872626	US-NH	1.3716	busshr			NW_2021	s1	18JUN2021:00:00:00.000000	01JUL2021:00:00:00.000000	14JUL2021:00:00:00.000000	3	3	3	0	22JUN2021:23:49:15.000000	3		0		0		cn	no	aa	no						
S90788777		grycat				A1461753	6	USER1388299	L11488191	43.246189	-70.872626	US-NH	1.3716	busshr			NW_2021	s1	18JUN2021:00:00:00.000000	01JUL2021:00:00:00.000000	14JUL2021:00:00:00.000000	3	3	3	0	25JUN2021:00:26:37.000000	3		0		0		cn	no	aa	no						
S91005633		grycat				A1461753	6	USER1388299	L11488191	43.246189	-70.872626	US-NH	1.3716	busshr			NW_2021	s1	18JUN2021:00:00:00.000000	01JUL2021:00:00:00.000000	14JUL2021:00:00:00.000000	3	3	3	0	29JUN2021:00:04:02.000000	3		0		0		cn	no	aa	no						
S91101257	https://citsci-nw-data-prod.s3.amazonaws.com/photos/visits/2021/07/01/_35jlme.jpeg	grycat	n	t		A1461753	6	USER1388299	L11488191	43.246189	-70.872626	US-NH	1.3716	busshr			NW_2021	s1	18JUN2021:00:00:00.000000	01JUL2021:00:00:00.000000	14JUL2021:00:00:00.000000	3	3	3	0	01JUL2021:23:49:00.000000	2		1		0		cn	no	fa	hy						
S91150988		grycat				A1461753	6	USER1388299	L11488191	43.246189	-70.872626	US-NH	1.3716	busshr			NW_2021	s1	18JUN2021:00:00:00.000000	01JUL2021:00:00:00.000000	14JUL2021:00:00:00.000000	3	3	3	0	02JUL2021:23:56:30.000000	1		2		0		cn	no	fa	hy						
S91226298		grycat				A1461753	6	USER1388299	L11488191	43.246189	-70.872626	US-NH	1.3716	busshr			NW_2021	s1	18JUN2021:00:00:00.000000	01JUL2021:00:00:00.000000	14JUL2021:00:00:00.000000	3	3	3	0	03JUL2021:10:19:06.000000	0		3		0		cn	no	fa	hy						
S91439482	https://citsci-nw-data-prod.s3.amazonaws.com/photos/visits/2021/07/08/_avn83d.jpeg	grycat	n	t		A1461753	6	USER1388299	L11488191	43.246189	-70.872626	US-NH	1.3716	busshr			NW_2021	s1	18JUN2021:00:00:00.000000	01JUL2021:00:00:00.000000	14JUL2021:00:00:00.000000	3	3	3	0	08JUL2021:11:33:38.000000	0		3		0		cn	no	fa	py						
S91679689	https://citsci-nw-data-prod.s3.amazonaws.com/photos/visits/2021/07/12/_n90sqr.jpeg	grycat	n	t		A1461753	6	USER1388299	L11488191	43.246189	-70.872626	US-NH	1.3716	busshr			NW_2021	s1	18JUN2021:00:00:00.000000	01JUL2021:00:00:00.000000	14JUL2021:00:00:00.000000	3	3	3	0	12JUL2021:22:54:26.000000	0		3		0		cn	no	fa	fy						
S91724348		grycat				A1461753	6	USER1388299	L11488191	43.246189	-70.872626	US-NH	1.3716	busshr			NW_2021	s1	18JUN2021:00:00:00.000000	01JUL2021:00:00:00.000000	14JUL2021:00:00:00.000000	3	3	3	0	13JUL2021:22:37:28.000000	0		3		0		cn	no	va	fy						
S91767642	https://citsci-nw-data-prod.s3.amazonaws.com/photos/visits/2021/07/14/_lc6758.jpeg	grycat	n	t		A1461753	6	USER1388299	L11488191	43.246189	-70.872626	US-NH	1.3716	busshr			NW_2021	s1	18JUN2021:00:00:00.000000	01JUL2021:00:00:00.000000	14JUL2021:00:00:00.000000	3	3	3	0	14JUL2021:22:02:39.000000	0		0		0		cn	no	va	no	0		0		0	
S90345148		grycat				A1461950	1	USER24132	L15416313	39.126955	-77.554387	US-VA	0.91	busshr			NW_2021	f2				4	2		2	17JUN2021:19:08:34.000000	4		0		0		cn	no	aa							
S90603489		grycat				A1461950	1	USER24132	L15416313	39.126955	-77.554387	US-VA	0.91	busshr			NW_2021	f2				4	2		2	22JUN2021:13:52:23.000000	1	999999999					cn	no	ra							
S90859501	https://citsci-nw-data-prod.s3.amazonaws.com/photos/visits/2021/06/27/_b1toqs.jpeg	grycat	y	t	o/l	A1461950	1	USER24132	L15416313	39.126955	-77.554387	US-VA	0.91	busshr			NW_2021	f2				4	2		2	27JUN2021:09:24:36.000000	2		2		0		cn	no	no	ny						
S91108451		grycat				A1461950	1	USER24132	L15416313	39.126955	-77.554387	US-VA	0.91	busshr			NW_2021	f2				4	2		2	02JUL2021:08:23:48.000000	0		0		0		dn	no	no	no						
S90707652		grycat				A1463299	2	USER467984	L15504714	39.760016	-75.691629	US-DE	0.91	busshr			NW_2021	s1		02JUL2021:00:00:00.000000	13JUL2021:00:00:00.000000	3	3		0	24JUN2021:15:26:12.000000	3		0		0		cn	no	aa	no						
S90954140		grycat				A1463299	2	USER467984	L15504714	39.760016	-75.691629	US-DE	0.91	busshr			NW_2021	s1		02JUL2021:00:00:00.000000	13JUL2021:00:00:00.000000	3	3		0	28JUN2021:21:40:52.000000	1	999999999	0		0		cn	no	ra	no						
S91144234	https://citsci-nw-data-prod.s3.amazonaws.com/photos/visits/2021/07/02/_oqslih.jpeg	grycat	y	t	o/l	A1463299	2	USER467984	L15504714	39.760016	-75.691629	US-DE	0.91	busshr			NW_2021	s1		02JUL2021:00:00:00.000000	13JUL2021:00:00:00.000000	3	3		0	02JUL2021:20:25:48.000000	1		2		0		cn	no		hy						
S91481474	https://citsci-nw-data-prod.s3.amazonaws.com/photos/visits/2021/07/09/_oro36c.jpeg	grycat	y	t/s	o/l	A1463299	2	USER467984	L15504714	39.760016	-75.691629	US-DE	0.91	busshr			NW_2021	s1		02JUL2021:00:00:00.000000	13JUL2021:00:00:00.000000	3	3		0	09JUL2021:10:33:36.000000	0		3		0		cn	no	va	py						
S91717848		grycat				A1463299	2	USER467984	L15504714	39.760016	-75.691629	US-DE	0.91	busshr			NW_2021	s1		02JUL2021:00:00:00.000000	13JUL2021:00:00:00.000000	3	3		0	13JUL2021:19:39:25.000000	0		1		0		cn	no	va	fy						
S91387438	https://citsci-nw-data-prod.s3.amazonaws.com/photos/visits/2021/07/07/_mhd667.jpeg	grycat	n	t		A1465637	5	USER24132	L15674302	39.12704	-77.554344	US-VA	1.22	busshr			NW_2021	s1	06JUL2021:00:00:00.000000	20JUL2021:00:00:00.000000	02AUG2021:00:00:00.000000	3	2	2	1	07JUL2021:09:02:41.000000	2		0		0		cn	no	va	no						
S91531005	https://citsci-nw-data-prod.s3.amazonaws.com/photos/visits/2021/07/10/_q6est1.jpeg	grycat	n	t		A1465637	5	USER24132	L15674302	39.12704	-77.554344	US-VA	1.22	busshr			NW_2021	s1	06JUL2021:00:00:00.000000	20JUL2021:00:00:00.000000	02AUG2021:00:00:00.000000	3	2	2	1	10JUL2021:10:15:24.000000	3		0		0		cn	no	va	no						
S91777811	https://citsci-nw-data-prod.s3.amazonaws.com/photos/visits/2021/07/15/.jpeg	grycat	n	t		A1465637	5	USER24132	L15674302	39.12704	-77.554344	US-VA	1.22	busshr			NW_2021	s1	06JUL2021:00:00:00.000000	20JUL2021:00:00:00.000000	02AUG2021:00:00:00.000000	3	2	2	1	15JUL2021:08:33:19.000000	3		0		0		cn	no	va	no						
S91984033		grycat				A1465637	5	USER24132	L15674302	39.12704	-77.554344	US-VA	1.22	busshr			NW_2021	s1	06JUL2021:00:00:00.000000	20JUL2021:00:00:00.000000	02AUG2021:00:00:00.000000	3	2	2	1	19JUL2021:09:42:22.000000	3		0		0		cn	no	va	no						
S92213846	https://citsci-nw-data-prod.s3.amazonaws.com/photos/visits/2021/07/24/_ltpqf5.jpeg, https://citsci-nw-data-prod.s3.amazonaws.com/photos/visits/2021/07/24/_1rfilh.jpeg	grycat	n, n	t, t		A1465637	5	USER24132	L15674302	39.12704	-77.554344	US-VA	1.22	busshr			NW_2021	s1	06JUL2021:00:00:00.000000	20JUL2021:00:00:00.000000	02AUG2021:00:00:00.000000	3	2	2	1	24JUL2021:08:27:46.000000	1		2		0		cn	no	no	ny						
S92494257		grycat				A1465637	5	USER24132	L15674302	39.12704	-77.554344	US-VA	1.22	busshr			NW_2021	s1	06JUL2021:00:00:00.000000	20JUL2021:00:00:00.000000	02AUG2021:00:00:00.000000	3	2	2	1	30JUL2021:07:45:35.000000	1		2		0		cn	no	fa	py						
S92651946		grycat				A1465637	5	USER24132	L15674302	39.12704	-77.554344	US-VA	1.22	busshr			NW_2021	s1	06JUL2021:00:00:00.000000	20JUL2021:00:00:00.000000	02AUG2021:00:00:00.000000	3	2	2	1	02AUG2021:08:55:36.000000	1		2		0		cn	no	va	fy						
S91860910		grycat				A1466743	4	USER1388299	L11488191	43.246189	-70.872626	US-NH	1.3716	busshr			NW_2021	s1	19JUL2021:00:00:00.000000	01AUG2021:00:00:00.000000	13AUG2021:00:00:00.000000	3	3	1	0	16JUL2021:23:55:40.000000	0		0		0		an	no	ba	no	0		0		0	
S92018195		grycat				A1466743	4	USER1388299	L11488191	43.246189	-70.872626	US-NH	1.3716	busshr			NW_2021	s1	19JUL2021:00:00:00.000000	01AUG2021:00:00:00.000000	13AUG2021:00:00:00.000000	3	3	1	0	19JUL2021:20:22:47.000000	1		0		0		cn	no	aa	no						
S92072599		grycat				A1466743	4	USER1388299	L11488191	43.246189	-70.872626	US-NH	1.3716	busshr			NW_2021	s1	19JUL2021:00:00:00.000000	01AUG2021:00:00:00.000000	13AUG2021:00:00:00.000000	3	3	1	0	20JUL2021:23:31:43.000000	2		0		0		cn	no	aa	no						
S92115928		grycat				A1466743	4	USER1388299	L11488191	43.246189	-70.872626	US-NH	1.3716	busshr			NW_2021	s1	19JUL2021:00:00:00.000000	01AUG2021:00:00:00.000000	13AUG2021:00:00:00.000000	3	3	1	0	21JUL2021:22:46:31.000000	3		0		0		cn	no	va	no						
S92160620		grycat				A1466743	4	USER1388299	L11488191	43.246189	-70.872626	US-NH	1.3716	busshr			NW_2021	s1	19JUL2021:00:00:00.000000	01AUG2021:00:00:00.000000	13AUG2021:00:00:00.000000	3	3	1	0	22JUL2021:22:46:06.000000	3		0		0		cn	no	va	no						
S92201718		grycat				A1466743	4	USER1388299	L11488191	43.246189	-70.872626	US-NH	1.3716	busshr			NW_2021	s1	19JUL2021:00:00:00.000000	01AUG2021:00:00:00.000000	13AUG2021:00:00:00.000000	3	3	1	0	23JUL2021:21:07:42.000000	3		0		0		cn	no	aa	no						
S92451403		grycat				A1466743	4	USER1388299	L11488191	43.246189	-70.872626	US-NH	1.3716	busshr			NW_2021	s1	19JUL2021:00:00:00.000000	01AUG2021:00:00:00.000000	13AUG2021:00:00:00.000000	3	3	1	0	28JUL2021:06:50:17.000000	3		0		0		cn	no	va	no						
S92586955		grycat				A1466743	4	USER1388299	L11488191	43.246189	-70.872626	US-NH	1.3716	busshr			NW_2021	s1	19JUL2021:00:00:00.000000	01AUG2021:00:00:00.000000	13AUG2021:00:00:00.000000	3	3	1	0	31JUL2021:00:58:35.000000	3		0		0		cn	no	aa	no						
S92642692	https://citsci-nw-data-prod.s3.amazonaws.com/photos/visits/2021/08/01/_2kd1lu.jpeg	grycat	u	t		A1466743	4	USER1388299	L11488191	43.246189	-70.872626	US-NH	1.3716	busshr			NW_2021	s1	19JUL2021:00:00:00.000000	01AUG2021:00:00:00.000000	13AUG2021:00:00:00.000000	3	3	1	0	01AUG2021:23:53:05.000000	2		1		0		cn	no	aa	hy						
S92691698	https://citsci-nw-data-prod.s3.amazonaws.com/photos/visits/2021/08/02/_4csnnm.jpeg	grycat	u	t		A1466743	4	USER1388299	L11488191	43.246189	-70.872626	US-NH	1.3716	busshr			NW_2021	s1	19JUL2021:00:00:00.000000	01AUG2021:00:00:00.000000	13AUG2021:00:00:00.000000	3	3	1	0	02AUG2021:00:06:22.000000	0		3		0		cn	no	fa	hy						
S92885271	https://citsci-nw-data-prod.s3.amazonaws.com/photos/visits/2021/08/07/_d6qgii.jpeg	grycat	n	t		A1466743	4	USER1388299	L11488191	43.246189	-70.872626	US-NH	1.3716	busshr			NW_2021	s1	19JUL2021:00:00:00.000000	01AUG2021:00:00:00.000000	13AUG2021:00:00:00.000000	3	3	1	0	07AUG2021:10:27:20.000000	0		3		0		cn	no	fa	py						
S92980520		grycat				A1466743	4	USER1388299	L11488191	43.246189	-70.872626	US-NH	1.3716	busshr			NW_2021	s1	19JUL2021:00:00:00.000000	01AUG2021:00:00:00.000000	13AUG2021:00:00:00.000000	3	3	1	0	08AUG2021:00:20:15.000000	0		2		0		cn	no	va	py						
S93030419		grycat				A1466743	4	USER1388299	L11488191	43.246189	-70.872626	US-NH	1.3716	busshr			NW_2021	s1	19JUL2021:00:00:00.000000	01AUG2021:00:00:00.000000	13AUG2021:00:00:00.000000	3	3	1	0	09AUG2021:07:17:12.000000	0		1		0		cn	no	fa	ny						
S93108262	https://citsci-nw-data-prod.s3.amazonaws.com/photos/visits/2021/08/11/_39jga.jpeg	grycat	u	t		A1466743	4	USER1388299	L11488191	43.246189	-70.872626	US-NH	1.3716	busshr			NW_2021	s1	19JUL2021:00:00:00.000000	01AUG2021:00:00:00.000000	13AUG2021:00:00:00.000000	3	3	1	0	11AUG2021:23:44:27.000000	0		1		0		cn	no	fa	fy						
S93148460		grycat				A1466743	4	USER1388299	L11488191	43.246189	-70.872626	US-NH	1.3716	busshr			NW_2021	s1	19JUL2021:00:00:00.000000	01AUG2021:00:00:00.000000	13AUG2021:00:00:00.000000	3	3	1	0	12AUG2021:23:51:28.000000	0		1		0		cn	no	fa	fy						
S93190846		grycat				A1466743	4	USER1388299	L11488191	43.246189	-70.872626	US-NH	1.3716	busshr			NW_2021	s1	19JUL2021:00:00:00.000000	01AUG2021:00:00:00.000000	13AUG2021:00:00:00.000000	3	3	1	0	13AUG2021:00:11:39.000000	0		0		0		cn	no	fa	no	0		0		0	
S109511799	https://citsci-nw-data-prod.s3.amazonaws.com/photos/visits/2022/05/09/_n7qb10.jpeg, https://citsci-nw-data-prod.s3.amazonaws.com/photos/visits/2022/05/09/_2evh4p.jpeg	grycat	y, y	s, t	o, o	A1492506	31	USER1187465	L18947947	35.765776	-81.284396	US-NC	1.83	ltrbra			NW_2022	s1	08MAY2022:00:00:00.000000	23MAY2022:00:00:00.000000	01JUN2022:00:00:00.000000	3	1	1	0	09MAY2022:20:35:25.000000	1		0		0		cn	no	va	no	0		0		0	
S109747877	https://citsci-nw-data-prod.s3.amazonaws.com/photos/visits/2022/05/11/_p65h5r.jpeg	grycat	y	t	o	A1492506	31	USER1187465	L18947947	35.765776	-81.284396	US-NC	1.83	ltrbra			NW_2022	s1	08MAY2022:00:00:00.000000	23MAY2022:00:00:00.000000	01JUN2022:00:00:00.000000	3	1	1	0	11MAY2022:06:37:45.000000	3		0		0		cn	no	va	no						
S110438404	https://citsci-nw-data-prod.s3.amazonaws.com/photos/visits/2022/05/13/_vvm57i.jpeg	grycat	y	t	o	A1492506	31	USER1187465	L18947947	35.765776	-81.284396	US-NC	1.83	ltrbra			NW_2022	s1	08MAY2022:00:00:00.000000	23MAY2022:00:00:00.000000	01JUN2022:00:00:00.000000	3	1	1	0	13MAY2022:21:44:21.000000	3		0		0											
S110555500	https://citsci-nw-data-prod.s3.amazonaws.com/photos/visits/2022/05/17/_gq2541.jpeg, https://citsci-nw-data-prod.s3.amazonaws.com/photos/visits/2022/05/17/_8633l1.jpeg	grycat	y, y	t/s, t/s	o, o	A1492506	31	USER1187465	L18947947	35.765776	-81.284396	US-NC	1.83	ltrbra			NW_2022	s1	08MAY2022:00:00:00.000000	23MAY2022:00:00:00.000000	01JUN2022:00:00:00.000000	3	1	1	0	17MAY2022:08:26:39.000000	3		0		0											
S110825736	https://citsci-nw-data-prod.s3.amazonaws.com/photos/visits/2022/05/20/_s1kuel.jpeg	grycat	y	t	o	A1492506	31	USER1187465	L18947947	35.765776	-81.284396	US-NC	1.83	ltrbra			NW_2022	s1	08MAY2022:00:00:00.000000	23MAY2022:00:00:00.000000	01JUN2022:00:00:00.000000	3	1	1	0	20MAY2022:09:00:49.000000	3		0		0		cn	no	no	no						
S111147091	https://citsci-nw-data-prod.s3.amazonaws.com/photos/visits/2022/05/23/_kkrg4o.jpeg	grycat	y	t/s	o	A1492506	31	USER1187465	L18947947	35.765776	-81.284396	US-NC	1.83	ltrbra			NW_2022	s1	08MAY2022:00:00:00.000000	23MAY2022:00:00:00.000000	01JUN2022:00:00:00.000000	3	1	1	0	23MAY2022:06:39:57.000000	1	999999999	1				cn	no	aa	hy						
S111230169	https://citsci-nw-data-prod.s3.amazonaws.com/photos/visits/2022/05/24/_tbra17.jpeg	grycat	y	t/s	o	A1492506	31	USER1187465	L18947947	35.765776	-81.284396	US-NC	1.83	ltrbra			NW_2022	s1	08MAY2022:00:00:00.000000	23MAY2022:00:00:00.000000	01JUN2022:00:00:00.000000	3	1	1	0	24MAY2022:06:32:25.000000	0		3		0		cn	no	va	ny						
S111445999	https://citsci-nw-data-prod.s3.amazonaws.com/photos/visits/2022/05/27/_ko0llc.jpeg, https://citsci-nw-data-prod.s3.amazonaws.com/photos/visits/2022/05/27/_2718dj.jpeg, https://citsci-nw-data-prod.s3.amazonaws.com/photos/visits/2022/05/27/_2k0ci2.jpeg	grycat	y, y, y	t/s, t, t/s	o, o, o	A1492506	31	USER1187465	L18947947	35.765776	-81.284396	US-NC	1.83	ltrbra			NW_2022	s1	08MAY2022:00:00:00.000000	23MAY2022:00:00:00.000000	01JUN2022:00:00:00.000000	3	1	1	0	27MAY2022:19:34:46.000000	0		3		0		cn	no	va	ny						
S111494980	https://citsci-nw-data-prod.s3.amazonaws.com/photos/visits/2022/05/28/_dd1a09.jpeg, https://citsci-nw-data-prod.s3.amazonaws.com/photos/visits/2022/05/28/_mvgjal.jpeg, https://citsci-nw-data-prod.s3.amazonaws.com/photos/visits/2022/05/28/_vkq5vm.jpeg	grycat	y, y, y	t, t, t	o, o, o	A1492506	31	USER1187465	L18947947	35.765776	-81.284396	US-NC	1.83	ltrbra			NW_2022	s1	08MAY2022:00:00:00.000000	23MAY2022:00:00:00.000000	01JUN2022:00:00:00.000000	3	1	1	0	28MAY2022:11:26:25.000000	0		3		0		cn	no	va	py						
S111672964	https://citsci-nw-data-prod.s3.amazonaws.com/photos/visits/2022/05/29/_b0icmc.jpeg, https://citsci-nw-data-prod.s3.amazonaws.com/photos/visits/2022/05/29/_nngfvs.jpeg, https://citsci-nw-data-prod.s3.amazonaws.com/photos/visits/2022/05/29/_sf0icl.jpeg	grycat	y, y, y	t, t, t	o, o, o	A1492506	31	USER1187465	L18947947	35.765776	-81.284396	US-NC	1.83	ltrbra			NW_2022	s1	08MAY2022:00:00:00.000000	23MAY2022:00:00:00.000000	01JUN2022:00:00:00.000000	3	1	1	0	29MAY2022:22:51:28.000000	0		3		0		cn	no	fa	py						
S111688741	https://citsci-nw-data-prod.s3.amazonaws.com/photos/visits/2022/05/30/_vqcsd3.jpeg, https://citsci-nw-data-prod.s3.amazonaws.com/photos/visits/2022/05/30/_cen96d.jpeg, https://citsci-nw-data-prod.s3.amazonaws.com/photos/visits/2022/05/30/_e7ms3v.jpeg	grycat	y, y, y	t, t, t	o, o, o	A1492506	31	USER1187465	L18947947	35.765776	-81.284396	US-NC	1.83	ltrbra			NW_2022	s1	08MAY2022:00:00:00.000000	23MAY2022:00:00:00.000000	01JUN2022:00:00:00.000000	3	1	1	0	30MAY2022:08:02:04.000000	0		3		0		cn	no	fa	py						
S111773687	xd, https://citsci-nw-data-prod.s3.amazonaws.com/photos/visits/2022/05/30/_pjhaff.jpeg	grycat	y, y	t, t	o, o	A1492506	31	USER1187465	L18947947	35.765776	-81.284396	US-NC	1.83	ltrbra			NW_2022	s1	08MAY2022:00:00:00.000000	23MAY2022:00:00:00.000000	01JUN2022:00:00:00.000000	3	1	1	0	30MAY2022:22:54:38.000000	0		3		0		cn	no	fa	py						
S111783113	https://citsci-nw-data-prod.s3.amazonaws.com/photos/visits/2022/05/31/.jpeg	grycat	y	t	o	A1492506	31	USER1187465	L18947947	35.765776	-81.284396	US-NC	1.83	ltrbra			NW_2022	s1	08MAY2022:00:00:00.000000	23MAY2022:00:00:00.000000	01JUN2022:00:00:00.000000	3	1	1	0	31MAY2022:06:31:07.000000	0		3		0		cn	no	va	py						
S111860192	https://citsci-nw-data-prod.s3.amazonaws.com/photos/visits/2022/06/01/.jpeg	grycat	y	t	o	A1492506	31	USER1187465	L18947947	35.765776	-81.284396	US-NC	1.83	ltrbra			NW_2022	s1	08MAY2022:00:00:00.000000	23MAY2022:00:00:00.000000	01JUN2022:00:00:00.000000	3	1	1	0	01JUN2022:06:33:20.000000	0		1		2		cn	no		py						
S111860339	https://citsci-nw-data-prod.s3.amazonaws.com/photos/visits/2022/06/01/_e7l2bc.jpeg	grycat	y	t	o	A1492506	31	USER1187465	L18947947	35.765776	-81.284396	US-NC	1.83	ltrbra			NW_2022	s1	08MAY2022:00:00:00.000000	23MAY2022:00:00:00.000000	01JUN2022:00:00:00.000000	3	1	1	0	01JUN2022:06:38:20.000000	0		1		0		cn		va	py						
S111956611	https://citsci-nw-data-prod.s3.amazonaws.com/photos/visits/2022/06/01/_1lgmov.jpeg, https://citsci-nw-data-prod.s3.amazonaws.com/photos/visits/2022/06/01/_41n5f3.jpeg, https://citsci-nw-data-prod.s3.amazonaws.com/photos/visits/2022/06/01/_oigjrh.jpeg	grycat	y, y, y	t, t, t	o, o, o	A1492506	31	USER1187465	L18947947	35.765776	-81.284396	US-NC	1.83	ltrbra			NW_2022	s1	08MAY2022:00:00:00.000000	23MAY2022:00:00:00.000000	01JUN2022:00:00:00.000000	3	1	1	0	01JUN2022:12:13:36.000000	0		1		2		cn		va	fy						
S111956881	https://citsci-nw-data-prod.s3.amazonaws.com/photos/visits/2022/06/01/_6h46h6.jpeg	grycat	y	t	o	A1492506	31	USER1187465	L18947947	35.765776	-81.284396	US-NC	1.83	ltrbra			NW_2022	s1	08MAY2022:00:00:00.000000	23MAY2022:00:00:00.000000	01JUN2022:00:00:00.000000	3	1	1	0	01JUN2022:12:17:45.000000	0		1		2		cn	no	va	fy						
S111956966	https://citsci-nw-data-prod.s3.amazonaws.com/photos/visits/2022/06/01/_1l5inp.jpeg	grycat	y	t	o	A1492506	31	USER1187465	L18947947	35.765776	-81.284396	US-NC	1.83	ltrbra			NW_2022	s1	08MAY2022:00:00:00.000000	23MAY2022:00:00:00.000000	01JUN2022:00:00:00.000000	3	1	1	0	01JUN2022:12:21:57.000000	0		0		0		cn	no	va	no						
S110972204	https://citsci-nw-data-prod.s3.amazonaws.com/photos/visits/2022/05/22/_joi196.jpeg	grycat	n	t		A1495912	3	USER932708	L19214849	38.973995	-77.022884	US-DC		busshr			NW_2022	f6								22MAY2022:12:50:35.000000	4						cn		va							
S111525168	https://citsci-nw-data-prod.s3.amazonaws.com/photos/visits/2022/05/28/_kukvv6.jpeg	grycat	n	t		A1495912	3	USER932708	L19214849	38.973995	-77.022884	US-DC		busshr			NW_2022	f6								28MAY2022:16:08:14.000000	3						cn	no	va	no						
S111695500	https://citsci-nw-data-prod.s3.amazonaws.com/photos/visits/2022/05/30/_69sis9.jpeg	grycat	n	t		A1495912	3	USER932708	L19214849	38.973995	-77.022884	US-DC		busshr			NW_2022	f6								30MAY2022:09:16:03.000000	3						cn	no	aa	no						
S111834671		grycat				A1495912	3	USER932708	L19214849	38.973995	-77.022884	US-DC		busshr			NW_2022	f6								31MAY2022:18:55:39.000000	3		0		0		cn	no	aa	no						
S112233885		grycat				A1495912	3	USER932708	L19214849	38.973995	-77.022884	US-DC		busshr			NW_2022	f6								05JUN2022:15:24:34.000000	3		0		0		cn	no	va	no						
S112475381		grycat				A1495912	3	USER932708	L19214849	38.973995	-77.022884	US-DC		busshr			NW_2022	f6								08JUN2022:17:34:27.000000	0		0		0						0		0		0	
S111280526		grycat				A1497207	2	USER3191589	L19274360	45.115621	-92.56876	US-WI	0.9144	ltrbra	NW-ry	NW-ry	NW_2022	s1		04JUN2022:00:00:00.000000	16JUN2022:00:00:00.000000	4	3	3	1	22MAY2022:16:47:49.000000	1	999999999	0		0		cn	no	aa	no						
S111280367	https://citsci-nw-data-prod.s3.amazonaws.com/photos/visits/2022/05/25/_1p9lcs.jpeg	grycat	N/A	N/A		A1497207	2	USER3191589	L19274360	45.115621	-92.56876	US-WI	0.9144	ltrbra	NW-ry	NW-ry	NW_2022	s1		04JUN2022:00:00:00.000000	16JUN2022:00:00:00.000000	4	3	3	1	25MAY2022:16:44:21.000000	1	999999999	0		0		cn	no	va	no						
S111494619	https://citsci-nw-data-prod.s3.amazonaws.com/photos/visits/2022/05/28/_ctm64e.jpeg	grycat	y	t	o	A1497207	2	USER3191589	L19274360	45.115621	-92.56876	US-WI	0.9144	ltrbra	NW-ry	NW-ry	NW_2022	s1		04JUN2022:00:00:00.000000	16JUN2022:00:00:00.000000	4	3	3	1	28MAY2022:10:36:09.000000	4		0		0		cn	no	va	no						
S111811756		grycat				A1497207	2	USER3191589	L19274360	45.115621	-92.56876	US-WI	0.9144	ltrbra	NW-ry	NW-ry	NW_2022	s1		04JUN2022:00:00:00.000000	16JUN2022:00:00:00.000000	4	3	3	1	31MAY2022:12:28:09.000000	4		0		0		cn	no	no	no						
S112274878		grycat				A1497207	2	USER3191589	L19274360	45.115621	-92.56876	US-WI	0.9144	ltrbra	NW-ry	NW-ry	NW_2022	s1		04JUN2022:00:00:00.000000	16JUN2022:00:00:00.000000	4	3	3	1	03JUN2022:22:22:19.000000	4		0		0		cn	no	va	no						
S112274951		grycat				A1497207	2	USER3191589	L19274360	45.115621	-92.56876	US-WI	0.9144	ltrbra	NW-ry	NW-ry	NW_2022	s1		04JUN2022:00:00:00.000000	16JUN2022:00:00:00.000000	4	3	3	1	05JUN2022:22:23:25.000000	0		1	999999999			cn	no	va	ny						
S113028949		grycat				A1497207	2	USER3191589	L19274360	45.115621	-92.56876	US-WI	0.9144	ltrbra	NW-ry	NW-ry	NW_2022	s1		04JUN2022:00:00:00.000000	16JUN2022:00:00:00.000000	4	3	3	1	15JUN2022:20:29:10.000000	0		3		0		cn	no	va	fy						
S113118175		grycat				A1497207	2	USER3191589	L19274360	45.115621	-92.56876	US-WI	0.9144	ltrbra	NW-ry	NW-ry	NW_2022	s1		04JUN2022:00:00:00.000000	16JUN2022:00:00:00.000000	4	3	3	1	17JUN2022:10:06:37.000000	0		0		0		cn	no	no	no						
S111373926	https://citsci-nw-data-prod.s3.amazonaws.com/photos/visits/2022/05/26/20220526Honeysuckl.jpg	grycat				A1499196	11	USER2804340	L19293756	43.064953	-89.483263	US-WI	1.8288	busshr	NW-ry	NW-for	NW_2022	f2								26MAY2022:00:00:00.000000	2		0		0		cn	no	va	no	0		0		0	
S111906786	https://citsci-nw-data-prod.s3.amazonaws.com/photos/visits/2022/05/31/20220531Honeysuckl.jpg, https://citsci-nw-data-prod.s3.amazonaws.com/photos/visits/2022/05/31/20220601Honeysuckl.jpg	grycat				A1499196	11	USER2804340	L19293756	43.064953	-89.483263	US-WI	1.8288	busshr	NW-ry	NW-for	NW_2022	f2								31MAY2022:00:00:00.000000	3		0		0		cn	no	aa	no	0		0		0	
S112057628	https://citsci-nw-data-prod.s3.amazonaws.com/photos/visits/2022/06/03/20220603Honeysuckl.jpg	grycat				A1499196	11	USER2804340	L19293756	43.064953	-89.483263	US-WI	1.8288	busshr	NW-ry	NW-for	NW_2022	f2								03JUN2022:00:00:00.000000	3		0		0		cn	no	aa	no	0		0		0	
S112326528	https://citsci-nw-data-prod.s3.amazonaws.com/photos/visits/2022/06/06/20220606Honeysuckl.jpg	grycat				A1499196	11	USER2804340	L19293756	43.064953	-89.483263	US-WI	1.8288	busshr	NW-ry	NW-for	NW_2022	f2								06JUN2022:00:00:00.000000	3		0		0		cn	no	va	no	0		0		0	
S112872551	https://citsci-nw-data-prod.s3.amazonaws.com/photos/visits/2022/06/09/20220609Honeysuckl.jpeg	grycat				A1499196	11	USER2804340	L19293756	43.064953	-89.483263	US-WI	1.8288	busshr	NW-ry	NW-for	NW_2022	f2								09JUN2022:00:00:00.000000	2		1		0		cn	no	aa	ny	0		0		0	
S112872654	https://citsci-nw-data-prod.s3.amazonaws.com/photos/visits/2022/06/11/20220611Honeysuckl.jpg	grycat				A1499196	11	USER2804340	L19293756	43.064953	-89.483263	US-WI	1.8288	busshr	NW-ry	NW-for	NW_2022	f2								11JUN2022:00:00:00.000000	1		1		0		cn	no	va	ny	0		0		0	
S112873354	https://citsci-nw-data-prod.s3.amazonaws.com/photos/visits/2022/06/13/20220613Honeysuckl.jpg	grycat				A1499196	11	USER2804340	L19293756	43.064953	-89.483263	US-WI	1.8288	busshr	NW-ry	NW-for	NW_2022	f2								13JUN2022:00:00:00.000000	1		1		0		cn	no	va	py	0		0		0	
S113128683	https://citsci-nw-data-prod.s3.amazonaws.com/photos/visits/2022/06/16/20220616Honeysuckl.jpg	grycat				A1499196	11	USER2804340	L19293756	43.064953	-89.483263	US-WI	1.8288	busshr	NW-ry	NW-for	NW_2022	f2								16JUN2022:00:00:00.000000	1		1		0		cn	no	aa	py	0		0		0	
S113360815	https://citsci-nw-data-prod.s3.amazonaws.com/photos/visits/2022/06/20/20220620Honeysuckl.jpg, https://citsci-nw-data-prod.s3.amazonaws.com/photos/visits/2022/06/20/20220620Hon_rbq1q6.jpg	grycat				A1499196	11	USER2804340	L19293756	43.064953	-89.483263	US-WI	1.8288	busshr	NW-ry	NW-for	NW_2022	f2								20JUN2022:00:00:00.000000	1		0		0		cn	no	va	no	0		0		0	
S111817861		grycat				A1500435	5	USER2563850	L19390830	39.958577	-86.22262	US-IN	1.2192	ltrbra	NW-for	NW-ry	NW_2022	s1	02JUN2022:00:00:00.000000	17JUN2022:00:00:00.000000	27JUN2022:00:00:00.000000	4	3	3	1	29MAY2022:00:00:00.000000	0		0		0		in	no	ba	no	0		0		0	
S111817862		grycat				A1500435	5	USER2563850	L19390830	39.958577	-86.22262	US-IN	1.2192	ltrbra	NW-for	NW-ry	NW_2022	s1	02JUN2022:00:00:00.000000	17JUN2022:00:00:00.000000	27JUN2022:00:00:00.000000	4	3	3	1	30MAY2022:00:00:00.000000	0		0		0		in	no	ba	no	0		0		0	
S111983408		grycat				A1500435	5	USER2563850	L19390830	39.958577	-86.22262	US-IN	1.2192	ltrbra	NW-for	NW-ry	NW_2022	s1	02JUN2022:00:00:00.000000	17JUN2022:00:00:00.000000	27JUN2022:00:00:00.000000	4	3	3	1	02JUN2022:00:00:00.000000	1		0		0		cn	no	va	no	0		0		0	
S112148365		grycat				A1500435	5	USER2563850	L19390830	39.958577	-86.22262	US-IN	1.2192	ltrbra	NW-for	NW-ry	NW_2022	s1	02JUN2022:00:00:00.000000	17JUN2022:00:00:00.000000	27JUN2022:00:00:00.000000	4	3	3	1	04JUN2022:00:00:00.000000	3		0		0		cn	no	no	no	0		0		0	
S112244735		grycat				A1500435	5	USER2563850	L19390830	39.958577	-86.22262	US-IN	1.2192	ltrbra	NW-for	NW-ry	NW_2022	s1	02JUN2022:00:00:00.000000	17JUN2022:00:00:00.000000	27JUN2022:00:00:00.000000	4	3	3	1	05JUN2022:00:00:00.000000	4		0		0		cn	no	va	no	0		0		0	
S112370451		grycat				A1500435	5	USER2563850	L19390830	39.958577	-86.22262	US-IN	1.2192	ltrbra	NW-for	NW-ry	NW_2022	s1	02JUN2022:00:00:00.000000	17JUN2022:00:00:00.000000	27JUN2022:00:00:00.000000	4	3	3	1	07JUN2022:00:00:00.000000	4		0		0		cn	no	va	no	0		0		0	
S112690660		grycat				A1500435	5	USER2563850	L19390830	39.958577	-86.22262	US-IN	1.2192	ltrbra	NW-for	NW-ry	NW_2022	s1	02JUN2022:00:00:00.000000	17JUN2022:00:00:00.000000	27JUN2022:00:00:00.000000	4	3	3	1	11JUN2022:00:00:00.000000	4		0		0		cn	no	va	no	0		0		0	
S112858080		grycat				A1500435	5	USER2563850	L19390830	39.958577	-86.22262	US-IN	1.2192	ltrbra	NW-for	NW-ry	NW_2022	s1	02JUN2022:00:00:00.000000	17JUN2022:00:00:00.000000	27JUN2022:00:00:00.000000	4	3	3	1	13JUN2022:00:00:00.000000	4		0		0		cn	no	no	no	0		0		0	
S113763262	https://citsci-nw-data-prod.s3.amazonaws.com/photos/visits/2022/06/25/IMG-41253.jpg	grycat				A1500435	5	USER2563850	L19390830	39.958577	-86.22262	US-IN	1.2192	ltrbra	NW-for	NW-ry	NW_2022	s1	02JUN2022:00:00:00.000000	17JUN2022:00:00:00.000000	27JUN2022:00:00:00.000000	4	3	3	1	25JUN2022:00:00:00.000000	1	999999999	3		0		cn	no	va	py	0		0		0	
S114378592	https://citsci-nw-data-prod.s3.amazonaws.com/photos/visits/2022/06/26/IMG-4132.jpg	grycat				A1500435	5	USER2563850	L19390830	39.958577	-86.22262	US-IN	1.2192	ltrbra	NW-for	NW-ry	NW_2022	s1	02JUN2022:00:00:00.000000	17JUN2022:00:00:00.000000	27JUN2022:00:00:00.000000	4	3	3	1	26JUN2022:00:00:00.000000	1	999999999	3		0		cn	no	va	py	0		0		0	
S114378924	https://citsci-nw-data-prod.s3.amazonaws.com/photos/visits/2022/06/27/IMG-4149.jpg	grycat				A1500435	5	USER2563850	L19390830	39.958577	-86.22262	US-IN	1.2192	ltrbra	NW-for	NW-ry	NW_2022	s1	02JUN2022:00:00:00.000000	17JUN2022:00:00:00.000000	27JUN2022:00:00:00.000000	4	3	3	1	27JUN2022:00:00:00.000000	1	999999999	2		0		cn	no	va	fy	0		0		0	
S114418185	https://citsci-nw-data-prod.s3.amazonaws.com/photos/visits/2022/06/28/IMG-4161.jpg	grycat				A1500435	5	USER2563850	L19390830	39.958577	-86.22262	US-IN	1.2192	ltrbra	NW-for	NW-ry	NW_2022	s1	02JUN2022:00:00:00.000000	17JUN2022:00:00:00.000000	27JUN2022:00:00:00.000000	4	3	3	1	28JUN2022:00:00:00.000000	1	999999999	1		0		cn	no	va	fy	0		0		0	
S114214512	https://citsci-nw-data-prod.s3.amazonaws.com/photos/visits/2022/06/29/_kae387.jpeg	grycat				A1500435	5	USER2563850	L19390830	39.958577	-86.22262	US-IN	1.2192	ltrbra	NW-for	NW-ry	NW_2022	s1	02JUN2022:00:00:00.000000	17JUN2022:00:00:00.000000	27JUN2022:00:00:00.000000	4	3	3	1	29JUN2022:08:36:20.000000	1		0		0		fn	no	no	no	0		0		0	
S112299137		grycat				A1501967	1	USER3223691	L19497305	45.737734	-92.682666	US-WI	0.6096	ltrbra	NW-ry	NW-ag	NW_2022	f2	20MAY2022:00:00:00.000000	06JUN2022:00:00:00.000000		5	5			20MAY2022:15:54:53.000000	5															
S112397392		grycat				A1501967	1	USER3223691	L19497305	45.737734	-92.682666	US-WI	0.6096	ltrbra	NW-ry	NW-ag	NW_2022	f2	20MAY2022:00:00:00.000000	06JUN2022:00:00:00.000000		5	5			06JUN2022:15:05:27.000000	3		2													
S112400407		grycat				A1501967	1	USER3223691	L19497305	45.737734	-92.682666	US-WI	0.6096	ltrbra	NW-ry	NW-ag	NW_2022	f2	20MAY2022:00:00:00.000000	06JUN2022:00:00:00.000000		5	5			07JUN2022:15:54:02.000000	0		5													
S112706851		grycat				A1501967	1	USER3223691	L19497305	45.737734	-92.682666	US-WI	0.6096	ltrbra	NW-ry	NW-ag	NW_2022	f2	20MAY2022:00:00:00.000000	06JUN2022:00:00:00.000000		5	5			11JUN2022:14:31:40.000000	0		5		0											
S113031470	https://citsci-nw-data-prod.s3.amazonaws.com/photos/visits/2022/06/13/_nr47n6.jpeg	grycat				A1501967	1	USER3223691	L19497305	45.737734	-92.682666	US-WI	0.6096	ltrbra	NW-ry	NW-ag	NW_2022	f2	20MAY2022:00:00:00.000000	06JUN2022:00:00:00.000000		5	5			13JUN2022:21:27:38.000000	0		0		0		rn	no	va	no	0		0		0	
S112790261	https://citsci-nw-data-prod.s3.amazonaws.com/photos/visits/2022/06/12/_ha7ge0.jpeg, https://citsci-nw-data-prod.s3.amazonaws.com/photos/visits/2022/06/12/_o8spbr.jpeg	grycat				A1503869	2	USER3190726	L19606700	40.83946	-76.909537	US-PA	2.44	busshr			NW_2022	f3				2	0	0	2	12JUN2022:13:57:16.000000	2		0		0		cn	no	va	no						
S113224300		grycat				A1503869	2	USER3190726	L19606700	40.83946	-76.909537	US-PA	2.44	busshr			NW_2022	f3				2	0	0	2	15JUN2022:18:46:48.000000	2		0		0		cn	no	no	no						
S113224366		grycat				A1503869	2	USER3190726	L19606700	40.83946	-76.909537	US-PA	2.44	busshr			NW_2022	f3				2	0	0	2	18JUN2022:18:47:27.000000	2		0		0		cn	no	no	no						
S113478290		grycat				A1503869	2	USER3190726	L19606700	40.83946	-76.909537	US-PA	2.44	busshr			NW_2022	f3				2	0	0	2	21JUN2022:16:10:44.000000	0		0		0		dn	no	no	no						
S113015427	https://citsci-nw-data-prod.s3.amazonaws.com/photos/visits/2022/06/15/_hkhsrv.jpeg	grycat				A1504559	4	USER3245282	L19658878	39.87566	-75.665016	US-PA	1.83	busshr			NW_2022	f2					3			15JUN2022:17:28:05.000000	3		0		0		cn	no	va	no						
S113381517	https://citsci-nw-data-prod.s3.amazonaws.com/photos/visits/2022/06/20/_q182la.jpeg	grycat				A1504559	4	USER3245282	L19658878	39.87566	-75.665016	US-PA	1.83	busshr			NW_2022	f2					3			20JUN2022:16:49:28.000000	3		0		0		cn	no	aa	no						
S113784291	https://citsci-nw-data-prod.s3.amazonaws.com/photos/visits/2022/06/25/_bsa0ou.jpeg	grycat				A1504559	4	USER3245282	L19658878	39.87566	-75.665016	US-PA	1.83	busshr			NW_2022	f2					3			25JUN2022:20:30:18.000000	0		3		0		cn	no	va	ny						
S114121228	https://citsci-nw-data-prod.s3.amazonaws.com/photos/visits/2022/06/30/_h51ss8.jpeg	grycat				A1504559	4	USER3245282	L19658878	39.87566	-75.665016	US-PA	1.83	busshr			NW_2022	f2					3			30JUN2022:18:55:54.000000	0		3		0		cn	no	va	py						
S114457414		grycat				A1504559	4	USER3245282	L19658878	39.87566	-75.665016	US-PA	1.83	busshr			NW_2022	f2					3			05JUL2022:09:04:17.000000	0		0		0		dn	no	no	no	0		0		0	
S113748365	https://citsci-nw-data-prod.s3.amazonaws.com/photos/visits/2022/06/25/_gia82a.jpeg, https://citsci-nw-data-prod.s3.amazonaws.com/photos/visits/2022/06/25/_asvmgm.jpeg	grycat				A1506681	4	USER2563850	L19823030	40.121125	-86.103136	US-IN	3.66	busshr			NW_2022	f3				3	0	0	0	25JUN2022:12:26:40.000000	3		0		0		cn	no	no	no	0		0		0	
S113854699	https://citsci-nw-data-prod.s3.amazonaws.com/photos/visits/2022/06/26/_hom09u.jpeg	grycat				A1506681	4	USER2563850	L19823030	40.121125	-86.103136	US-IN	3.66	busshr			NW_2022	f3				3	0	0	0	26JUN2022:17:58:35.000000	3		0		0		cn	no	aa	no	0		0		0	
S114258730	https://citsci-nw-data-prod.s3.amazonaws.com/photos/visits/2022/07/02/_se0o3f.jpeg	grycat				A1506681	4	USER2563850	L19823030	40.121125	-86.103136	US-IN	3.66	busshr			NW_2022	f3				3	0	0	0	02JUL2022:17:35:09.000000	0		0		0		cn	no	no	no	0		0		0	
S114118529		grycat				A1508022	1	USER3469	L19908997	39.334547	-77.112216	US-MD	1.8288	busshr			NW_2022	s1	11JUN2022:00:00:00.000000	26JUN2022:00:00:00.000000	06JUL2022:00:00:00.000000	2	2	2	0	19JUN2022:00:00:00.000000	1	999999999	1	999999999	1	999999999	cn	no	ra	no	0		0		0	
S114118621		grycat				A1508022	1	USER3469	L19908997	39.334547	-77.112216	US-MD	1.8288	busshr			NW_2022	s1	11JUN2022:00:00:00.000000	26JUN2022:00:00:00.000000	06JUL2022:00:00:00.000000	2	2	2	0	22JUN2022:00:00:00.000000	1	999999999	1	999999999	1	999999999	cn	no	ra	no	0		0		0	
S114118701		grycat				A1508022	1	USER3469	L19908997	39.334547	-77.112216	US-MD	1.8288	busshr			NW_2022	s1	11JUN2022:00:00:00.000000	26JUN2022:00:00:00.000000	06JUL2022:00:00:00.000000	2	2	2	0	25JUN2022:00:00:00.000000	1	999999999	1	999999999	1	999999999	cn	no	ra	no	0		0		0	
S114118886		grycat				A1508022	1	USER3469	L19908997	39.334547	-77.112216	US-MD	1.8288	busshr			NW_2022	s1	11JUN2022:00:00:00.000000	26JUN2022:00:00:00.000000	06JUL2022:00:00:00.000000	2	2	2	0	30JUN2022:00:00:00.000000	1	999999999	1	999999999	1	999999999	cn	no	ra	hy	0		0		0	
S114552501		grycat				A1508022	1	USER3469	L19908997	39.334547	-77.112216	US-MD	1.8288	busshr			NW_2022	s1	11JUN2022:00:00:00.000000	26JUN2022:00:00:00.000000	06JUL2022:00:00:00.000000	2	2	2	0	04JUL2022:00:00:00.000000	1	999999999	1	999999999	1	999999999	cn	no	va	hy	0		0		0	
S114552554		grycat				A1508022	1	USER3469	L19908997	39.334547	-77.112216	US-MD	1.8288	busshr			NW_2022	s1	11JUN2022:00:00:00.000000	26JUN2022:00:00:00.000000	06JUL2022:00:00:00.000000	2	2	2	0	06JUL2022:00:00:00.000000	1	999999999	1	999999999	1	999999999	cn	no	aa	fy	0		0		0	
S114999220	https://citsci-nw-data-prod.s3.amazonaws.com/photos/visits/2022/07/12/catbirdnest7.jpg	grycat				A1508022	1	USER3469	L19908997	39.334547	-77.112216	US-MD	1.8288	busshr			NW_2022	s1	11JUN2022:00:00:00.000000	26JUN2022:00:00:00.000000	06JUL2022:00:00:00.000000	2	2	2	0	12JUL2022:00:00:00.000000	1	999999999	2		1	999999999	cn	no	va	vy	0		0		0	
S114157357		grycat				A1508132	1	USER633706	L19919460	39.40988	-77.260935	US-MD	1.2192	busshr	NW-ry	NW-ry	NW_2022	s1	09JUN2022:00:00:00.000000	26JUN2022:00:00:00.000000	07JUL2022:00:00:00.000000	4	4	4	0	01JUL2022:00:00:00.000000			3				cn	no	fa	py						
S114357118		grycat				A1508132	1	USER633706	L19919460	39.40988	-77.260935	US-MD	1.2192	busshr	NW-ry	NW-ry	NW_2022	s1	09JUN2022:00:00:00.000000	26JUN2022:00:00:00.000000	07JUL2022:00:00:00.000000	4	4	4	0	03JUL2022:00:00:00.000000			4				cn	no	no	py						
S114641003	https://citsci-nw-data-prod.s3.amazonaws.com/photos/visits/2022/07/08/_mk7vcp.jpeg	grycat				A1508132	1	USER633706	L19919460	39.40988	-77.260935	US-MD	1.2192	busshr	NW-ry	NW-ry	NW_2022	s1	09JUN2022:00:00:00.000000	26JUN2022:00:00:00.000000	07JUL2022:00:00:00.000000	4	4	4	0	08JUL2022:09:17:14.000000	0		0		0		cn	no	no	no						
S115606017	https://citsci-nw-data-prod.s3.amazonaws.com/photos/visits/2022/07/23/CatbirdNestlings.jpg	grycat				A1516512	2	USER757347	L20260230	41.732061	-70.602981	US-MA	1.524	busshr	NW-ry	NW-ry	NW_2022	s1			27JUL2022:00:00:00.000000					23JUL2022:00:00:00.000000	0		4		0		cn	no	fa	fy						
S115851362	https://citsci-nw-data-prod.s3.amazonaws.com/photos/visits/2022/07/26/CatbirdNestling2.jpg	grycat				A1516512	2	USER757347	L20260230	41.732061	-70.602981	US-MA	1.524	busshr	NW-ry	NW-ry	NW_2022	s1			27JUL2022:00:00:00.000000					26JUL2022:00:00:00.000000	0		1		0		cn	no	no	fy						
S115851434		grycat				A1516512	2	USER757347	L20260230	41.732061	-70.602981	US-MA	1.524	busshr	NW-ry	NW-ry	NW_2022	s1			27JUL2022:00:00:00.000000					27JUL2022:00:00:00.000000	0		0		0		cn	no	no	no						
S136930007		grycat				A1642113	3	USER3377989	L24195653	39.758489	-76.919303	US-PA	2.13	busshr			NW_2023	f3	12MAY2023:00:00:00.000000							10MAY2023:12:55:22.000000	0		0		0		in	no	va	no						
S137235067	https://citsci-nw-data-prod.s3.amazonaws.com/photos/visits/2023/05/12/_pm1vs2.jpeg	grycat				A1642113	3	USER3377989	L24195653	39.758489	-76.919303	US-PA	2.13	busshr			NW_2023	f3	12MAY2023:00:00:00.000000							12MAY2023:13:31:35.000000	1		0		0		cn	no	va	no						
S137383027	https://citsci-nw-data-prod.s3.amazonaws.com/photos/visits/2023/05/13/_prd29l.jpeg	grycat				A1642113	3	USER3377989	L24195653	39.758489	-76.919303	US-PA	2.13	busshr			NW_2023	f3	12MAY2023:00:00:00.000000							13MAY2023:10:12:27.000000	2		0		0		cn	no	va	no						
S137723754	https://citsci-nw-data-prod.s3.amazonaws.com/photos/visits/2023/05/14/_dj91ub.jpeg	grycat				A1642113	3	USER3377989	L24195653	39.758489	-76.919303	US-PA	2.13	busshr			NW_2023	f3	12MAY2023:00:00:00.000000							14MAY2023:15:02:43.000000	3		0		0		cn	no	va	no						
S137910407		grycat				A1642113	3	USER3377989	L24195653	39.758489	-76.919303	US-PA	2.13	busshr			NW_2023	f3	12MAY2023:00:00:00.000000							15MAY2023:00:00:00.000000	1		0		0		cn	no	no	no						
S137991000		grycat				A1642113	3	USER3377989	L24195653	39.758489	-76.919303	US-PA	2.13	busshr			NW_2023	f3	12MAY2023:00:00:00.000000							16MAY2023:10:40:02.000000	0		0		0		dn	no	no	no						
S138019419		grycat				A1650373	2	USER2255568	L24399815	38.902043	-77.117208	US-VA	1.37	busshr			NW_2023	f3	14MAY2023:00:00:00.000000			4	0	0	4	13MAY2023:14:12:29.000000							cn	no	va	no						
S138019208	https://citsci-nw-data-prod.s3.amazonaws.com/photos/visits/2023/05/16/_c9u6c5.jpeg	grycat				A1650373	2	USER2255568	L24399815	38.902043	-77.117208	US-VA	1.37	busshr			NW_2023	f3	14MAY2023:00:00:00.000000			4	0	0	4	16MAY2023:14:07:54.000000	3						cn	no	no	no						
S138408799		grycat				A1650373	2	USER2255568	L24399815	38.902043	-77.117208	US-VA	1.37	busshr			NW_2023	f3	14MAY2023:00:00:00.000000			4	0	0	4	19MAY2023:15:52:44.000000	4						cn	no	va	no						
S138563419	https://citsci-nw-data-prod.s3.amazonaws.com/photos/visits/2023/05/20/_f3nl0i.jpeg	grycat				A1650373	2	USER2255568	L24399815	38.902043	-77.117208	US-VA	1.37	busshr			NW_2023	f3	14MAY2023:00:00:00.000000			4	0	0	4	20MAY2023:16:09:44.000000	4						cn	no	aa	no						
S139038510		grycat				A1650373	2	USER2255568	L24399815	38.902043	-77.117208	US-VA	1.37	busshr			NW_2023	f3	14MAY2023:00:00:00.000000			4	0	0	4	23MAY2023:00:00:00.000000	1						cn	no	no	no						
S138154338	https://citsci-nw-data-prod.s3.amazonaws.com/photos/visits/2023/05/17/IMG4353.JPG	grycat				A1650762	4	USER3731749	L24424553	41.594822	-70.60264	US-MA	1.83	busshr			NW_2023	f3		28MAY2023:00:00:00.000000		5	5	0	0	17MAY2023:00:00:00.000000	5		0		0		an	no	ra	no						
S138154786	https://citsci-nw-data-prod.s3.amazonaws.com/photos/visits/2023/05/17/IMG4353_v2a5fj.JPG	grycat				A1650762	4	USER3731749	L24424553	41.594822	-70.60264	US-MA	1.83	busshr			NW_2023	f3		28MAY2023:00:00:00.000000		5	5	0	0	17MAY2023:00:00:00.000000	5		0		0		an	no	ra	no						
S138650262		grycat				A1650762	4	USER3731749	L24424553	41.594822	-70.60264	US-MA	1.83	busshr			NW_2023	f3		28MAY2023:00:00:00.000000		5	5	0	0	21MAY2023:09:01:10.000000	1	999999999	0		0			no	ra	no						
S139120966		grycat				A1650762	4	USER3731749	L24424553	41.594822	-70.60264	US-MA	1.83	busshr			NW_2023	f3		28MAY2023:00:00:00.000000		5	5	0	0	24MAY2023:15:43:09.000000	1	999999999	0		0			no	ra	no						
S139689876	https://citsci-nw-data-prod.s3.amazonaws.com/photos/visits/2023/05/28/_4qcbjs.jpeg	grycat				A1650762	4	USER3731749	L24424553	41.594822	-70.60264	US-MA	1.83	busshr			NW_2023	f3		28MAY2023:00:00:00.000000		5	5	0	0	28MAY2023:21:29:35.000000	1	999999999	1	999999999	0				fa	ny						
S139955030		grycat				A1650762	4	USER3731749	L24424553	41.594822	-70.60264	US-MA	1.83	busshr			NW_2023	f3		28MAY2023:00:00:00.000000		5	5	0	0	30MAY2023:21:20:33.000000	0		5		0				fa	ny						
S140019452	https://citsci-nw-data-prod.s3.amazonaws.com/photos/visits/2023/05/31/_28517g.jpeg	grycat				A1650762	4	USER3731749	L24424553	41.594822	-70.60264	US-MA	1.83	busshr			NW_2023	f3		28MAY2023:00:00:00.000000		5	5	0	0	31MAY2023:13:47:10.000000	0		5		0				va	ny						
S140511522		grycat				A1650762	4	USER3731749	L24424553	41.594822	-70.60264	US-MA	1.83	busshr			NW_2023	f3		28MAY2023:00:00:00.000000		5	5	0	0	04JUN2023:17:09:53.000000	0		2		1	999999999			va	py						
S140670330		grycat				A1650762	4	USER3731749	L24424553	41.594822	-70.60264	US-MA	1.83	busshr			NW_2023	f3		28MAY2023:00:00:00.000000		5	5	0	0	06JUN2023:07:31:59.000000	0		2		3				fa	py						
S140843175		grycat				A1650762	4	USER3731749	L24424553	41.594822	-70.60264	US-MA	1.83	busshr			NW_2023	f3		28MAY2023:00:00:00.000000		5	5	0	0	07JUN2023:20:54:30.000000	0		0		0		dn		no	no	0		0		0	
S139598520	https://citsci-nw-data-prod.s3.amazonaws.com/photos/visits/2023/05/28/IMG8070.JPG	grycat				A1655949	3	USER1732871	L24736644	39.812642	-75.725996	US-PA	1.524	busshr	NW-ry	NW-ry	NW_2023	s1	26MAY2023:00:00:00.000000	08JUN2023:00:00:00.000000	19JUN2023:00:00:00.000000	3	3	3	0	28MAY2023:00:00:00.000000	3		0		0		cn	no	aa	no						
S140448624		grycat				A1655949	3	USER1732871	L24736644	39.812642	-75.725996	US-PA	1.524	busshr	NW-ry	NW-ry	NW_2023	s1	26MAY2023:00:00:00.000000	08JUN2023:00:00:00.000000	19JUN2023:00:00:00.000000	3	3	3	0	04JUN2023:00:00:00.000000	1	999999999	1	999999999	1	999999999	cn		ra							
S140820446		grycat				A1655949	3	USER1732871	L24736644	39.812642	-75.725996	US-PA	1.524	busshr	NW-ry	NW-ry	NW_2023	s1	26MAY2023:00:00:00.000000	08JUN2023:00:00:00.000000	19JUN2023:00:00:00.000000	3	3	3	0	05JUN2023:00:00:00.000000	3		0		0		cn	no	no	no						
S141335168	https://citsci-nw-data-prod.s3.amazonaws.com/photos/visits/2023/06/11/IMG8428.JPG	grycat				A1655949	3	USER1732871	L24736644	39.812642	-75.725996	US-PA	1.524	busshr	NW-ry	NW-ry	NW_2023	s1	26MAY2023:00:00:00.000000	08JUN2023:00:00:00.000000	19JUN2023:00:00:00.000000	3	3	3	0	11JUN2023:00:00:00.000000	0		3		0		cn	no	no	ny						
S141950100	https://citsci-nw-data-prod.s3.amazonaws.com/photos/visits/2023/06/18/IMG8477.JPG	grycat				A1655949	3	USER1732871	L24736644	39.812642	-75.725996	US-PA	1.524	busshr	NW-ry	NW-ry	NW_2023	s1	26MAY2023:00:00:00.000000	08JUN2023:00:00:00.000000	19JUN2023:00:00:00.000000	3	3	3	0	18JUN2023:00:00:00.000000	0		3		0		cn	no	va	fy						
S142250836		grycat				A1655949	3	USER1732871	L24736644	39.812642	-75.725996	US-PA	1.524	busshr	NW-ry	NW-ry	NW_2023	s1	26MAY2023:00:00:00.000000	08JUN2023:00:00:00.000000	19JUN2023:00:00:00.000000	3	3	3	0	20JUN2023:00:00:00.000000	0		0		0		cn	no	no	no						
S140808647	https://citsci-nw-data-prod.s3.amazonaws.com/photos/visits/2023/06/07/DSC06718.JPG, https://citsci-nw-data-prod.s3.amazonaws.com/photos/visits/2023/06/07/DSC06717.JPG	grycat				A1659021	4	USER571333	L4722699	41.1814711	-77.3661357	US-PA	1.8288	busshr	NW-ry	NW-for	NW_2023	s1	06JUN2023:00:00:00.000000	21JUN2023:00:00:00.000000	02JUL2023:00:00:00.000000	2	2	2	0	07JUN2023:00:00:00.000000	2		0		0		cn		aa							
S141150006		grycat				A1659021	4	USER571333	L4722699	41.1814711	-77.3661357	US-PA	1.8288	busshr	NW-ry	NW-for	NW_2023	s1	06JUN2023:00:00:00.000000	21JUN2023:00:00:00.000000	02JUL2023:00:00:00.000000	2	2	2	0	10JUN2023:00:00:00.000000	2		0		0		cn		va							
S141704953		grycat				A1659021	4	USER571333	L4722699	41.1814711	-77.3661357	US-PA	1.8288	busshr	NW-ry	NW-for	NW_2023	s1	06JUN2023:00:00:00.000000	21JUN2023:00:00:00.000000	02JUL2023:00:00:00.000000	2	2	2	0	15JUN2023:00:00:00.000000	2		0		0		cn		aa							
S142222560		grycat				A1659021	4	USER571333	L4722699	41.1814711	-77.3661357	US-PA	1.8288	busshr	NW-ry	NW-for	NW_2023	s1	06JUN2023:00:00:00.000000	21JUN2023:00:00:00.000000	02JUL2023:00:00:00.000000	2	2	2	0	19JUN2023:00:00:00.000000	2		0		0		cn		va							
S142477829	https://citsci-nw-data-prod.s3.amazonaws.com/photos/visits/2023/06/23/DSC06727.JPG	grycat				A1659021	4	USER571333	L4722699	41.1814711	-77.3661357	US-PA	1.8288	busshr	NW-ry	NW-for	NW_2023	s1	06JUN2023:00:00:00.000000	21JUN2023:00:00:00.000000	02JUL2023:00:00:00.000000	2	2	2	0	23JUN2023:00:00:00.000000	0		2		0		cn		aa	ny						
S142895810		grycat				A1659021	4	USER571333	L4722699	41.1814711	-77.3661357	US-PA	1.8288	busshr	NW-ry	NW-for	NW_2023	s1	06JUN2023:00:00:00.000000	21JUN2023:00:00:00.000000	02JUL2023:00:00:00.000000	2	2	2	0	27JUN2023:00:00:00.000000	0		2		0		cn		va	py						
S143264149	https://citsci-nw-data-prod.s3.amazonaws.com/photos/visits/2023/07/01/DSC06741.JPG	grycat				A1659021	4	USER571333	L4722699	41.1814711	-77.3661357	US-PA	1.8288	busshr	NW-ry	NW-for	NW_2023	s1	06JUN2023:00:00:00.000000	21JUN2023:00:00:00.000000	02JUL2023:00:00:00.000000	2	2	2	0	01JUL2023:00:00:00.000000	0		2		0		cn		va	fy						
S143378171		grycat				A1659021	4	USER571333	L4722699	41.1814711	-77.3661357	US-PA	1.8288	busshr	NW-ry	NW-for	NW_2023	s1	06JUN2023:00:00:00.000000	21JUN2023:00:00:00.000000	02JUL2023:00:00:00.000000	2	2	2	0	02JUL2023:00:00:00.000000	0		0		0		cn		no							
S140904970	https://citsci-nw-data-prod.s3.amazonaws.com/photos/visits/2023/06/08/_c9c96r.jpeg, https://citsci-nw-data-prod.s3.amazonaws.com/photos/visits/2023/06/08/_ipi3dq.jpeg, https://citsci-nw-data-prod.s3.amazonaws.com/photos/visits/2023/06/08/_kjtfkg.jpeg	grycat				A1659312	4	USER4108	L25036284	41.821933	-72.373585	US-CT	1.22	busshr			NW_2023	f2	24MAY2023:00:00:00.000000	08JUN2023:00:00:00.000000		4	1	0		08JUN2023:14:20:36.000000	3		1		0		cn	no	aa	hy						
S142072208	https://citsci-nw-data-prod.s3.amazonaws.com/photos/visits/2023/06/18/_o46l2.jpeg	grycat				A1659312	4	USER4108	L25036284	41.821933	-72.373585	US-CT	1.22	busshr			NW_2023	f2	24MAY2023:00:00:00.000000	08JUN2023:00:00:00.000000		4	1	0		18JUN2023:09:17:19.000000	0		0		0		dn	no	no	no	0		0		0	
S141063484		grycat				A1659696	4	USER412120	L25074098	42.031552	-71.690138	US-MA	1.2192	busshr	NW-ry	NW-for	NW_2023	f2				4	3	0	1	08JUN2023:00:00:00.000000	4		0		0		cn	no	aa	no						
S141363500	https://citsci-nw-data-prod.s3.amazonaws.com/photos/visits/2023/06/12/IMG4724.jpeg	grycat				A1659696	4	USER412120	L25074098	42.031552	-71.690138	US-MA	1.2192	busshr	NW-ry	NW-for	NW_2023	f2				4	3	0	1	12JUN2023:00:00:00.000000	4		0		0		cn		aa							
S142170681	https://citsci-nw-data-prod.s3.amazonaws.com/photos/visits/2023/06/20/IMG4749.jpeg, https://citsci-nw-data-prod.s3.amazonaws.com/photos/visits/2023/06/20/IMG4750.jpeg	grycat				A1659696	4	USER412120	L25074098	42.031552	-71.690138	US-MA	1.2192	busshr	NW-ry	NW-for	NW_2023	f2				4	3	0	1	20JUN2023:00:00:00.000000	1		3		0		cn	no	aa	ny						
S142472461	https://citsci-nw-data-prod.s3.amazonaws.com/photos/visits/2023/06/23/IMG4764.jpeg	grycat				A1659696	4	USER412120	L25074098	42.031552	-71.690138	US-MA	1.2192	busshr	NW-ry	NW-for	NW_2023	f2				4	3	0	1	23JUN2023:00:00:00.000000	1		1		1	999999999	cn	no	no	py						
S142777338		grycat				A1659696	4	USER412120	L25074098	42.031552	-71.690138	US-MA	1.2192	busshr	NW-ry	NW-for	NW_2023	f2				4	3	0	1	26JUN2023:00:00:00.000000	1		0		0		cn		no	no						
S142456430	https://citsci-nw-data-prod.s3.amazonaws.com/photos/visits/2023/06/23/_oigj29.jpeg	grycat				A1664995	3	USER373453	L25415162	40.831433	-80.44319	US-PA	1.83	busshr			NW_2023	s1	21JUN2023:00:00:00.000000			2	1	1	1	23JUN2023:12:46:28.000000	2		0		0		cn	no	aa	no						
S143941521	https://citsci-nw-data-prod.s3.amazonaws.com/photos/visits/2023/07/08/_gl5gvk.jpeg	grycat				A1664995	3	USER373453	L25415162	40.831433	-80.44319	US-PA	1.83	busshr			NW_2023	s1	21JUN2023:00:00:00.000000			2	1	1	1	08JUL2023:16:38:53.000000	1		1		0		cn	no	va	ny						
S144537680	https://citsci-nw-data-prod.s3.amazonaws.com/photos/visits/2023/07/14/_lircv6.jpeg	grycat				A1664995	3	USER373453	L25415162	40.831433	-80.44319	US-PA	1.83	busshr			NW_2023	s1	21JUN2023:00:00:00.000000			2	1	1	1	14JUL2023:15:51:38.000000	1		0		0		cn	no	no	no						
S143443383	https://citsci-nw-data-prod.s3.amazonaws.com/photos/visits/2023/07/03/_6poufb.jpeg	grycat				A1667204	2	USER3717828	L25659579	41.648404	-85.986651	US-IN	0.91	busshr			NW_2023	f3		05JUL2023:00:00:00.000000		3	3	0	0	03JUL2023:10:55:23.000000	3						cn		va							
S143760200		grycat				A1667204	2	USER3717828	L25659579	41.648404	-85.986651	US-IN	0.91	busshr			NW_2023	f3		05JUL2023:00:00:00.000000		3	3	0	0	06JUL2023:18:26:43.000000	0		3													
S144270052		grycat				A1667204	2	USER3717828	L25659579	41.648404	-85.986651	US-IN	0.91	busshr			NW_2023	f3		05JUL2023:00:00:00.000000		3	3	0	0	11JUL2023:17:53:23.000000			3													
S144464598	https://citsci-nw-data-prod.s3.amazonaws.com/photos/visits/2023/07/13/_1sogg0.jpeg	grycat				A1667204	2	USER3717828	L25659579	41.648404	-85.986651	US-IN	0.91	busshr			NW_2023	f3		05JUL2023:00:00:00.000000		3	3	0	0	13JUL2023:20:00:38.000000	0		0		0		dn		no	no	0		0		0	
S144458269	https://citsci-nw-data-prod.s3.amazonaws.com/photos/visits/2023/07/13/20230713204200.jpg	grycat				A1669116	4	USER416128	L25911732	43.039783	-76.102284	US-NY	1.83	busshr			NW_2023	f1	04JUL2023:00:00:00.000000	17JUL2023:00:00:00.000000		3	2	0	1	13JUL2023:18:40:40.000000	3		0		0		cn	no	va		0		0		0	
S145028584	https://citsci-nw-data-prod.s3.amazonaws.com/photos/visits/2023/07/18/69ADE6D6-5F10-4528.jpeg, https://citsci-nw-data-prod.s3.amazonaws.com/photos/visits/2023/07/18/35CD6BB9-1CC6-4802.jpeg, https://citsci-nw-data-prod.s3.amazonaws.com/photos/visits/2023/07/18/C086A153-52A6-47B1.jpeg	grycat				A1669116	4	USER416128	L25911732	43.039783	-76.102284	US-NY	1.83	busshr			NW_2023	f1	04JUL2023:00:00:00.000000	17JUL2023:00:00:00.000000		3	2	0	1	18JUL2023:00:00:00.000000	0		3		0		cn	no	va	ny	0		0		0	
S146014083		grycat				A1669116	4	USER416128	L25911732	43.039783	-76.102284	US-NY	1.83	busshr			NW_2023	f1	04JUL2023:00:00:00.000000	17JUL2023:00:00:00.000000		3	2	0	1	27JUL2023:00:00:00.000000	0		0		2		dn	no	no	py	0		0		0	
S173590518	https://citsci-nw-data-prod.s3.amazonaws.com/photos/visits/2024/05/11/_1mrf2q.jpeg	grycat				A1769356	8	USER467984	L15504714	39.760016	-75.691629	US-DE	0.91	busshr			NW_2024	f2	10MAY2024:00:00:00.000000	27MAY2024:00:00:00.000000		4	2	0		11MAY2024:13:33:26.000000	2		0		0		cn	no	va	no						
S174338350	https://citsci-nw-data-prod.s3.amazonaws.com/photos/visits/2024/05/13/_erhoeo.jpeg	grycat				A1769356	8	USER467984	L15504714	39.760016	-75.691629	US-DE	0.91	busshr			NW_2024	f2	10MAY2024:00:00:00.000000	27MAY2024:00:00:00.000000		4	2	0		13MAY2024:17:49:02.000000	4		0		0		cn	no	no	no						
S174950416	https://citsci-nw-data-prod.s3.amazonaws.com/photos/visits/2024/05/16/_v9q8i7.jpeg	grycat				A1769356	8	USER467984	L15504714	39.760016	-75.691629	US-DE	0.91	busshr			NW_2024	f2	10MAY2024:00:00:00.000000	27MAY2024:00:00:00.000000		4	2	0		16MAY2024:17:42:31.000000	4		0		0		cn	no		no						
S176229013	https://citsci-nw-data-prod.s3.amazonaws.com/photos/visits/2024/05/21/_un9dqh.jpeg	grycat				A1769356	8	USER467984	L15504714	39.760016	-75.691629	US-DE	0.91	busshr			NW_2024	f2	10MAY2024:00:00:00.000000	27MAY2024:00:00:00.000000		4	2	0		21MAY2024:16:46:53.000000	2				0		cn	no		no						
S176836298	https://citsci-nw-data-prod.s3.amazonaws.com/photos/visits/2024/05/24/_d9erlk.jpeg	grycat				A1769356	8	USER467984	L15504714	39.760016	-75.691629	US-DE	0.91	busshr			NW_2024	f2	10MAY2024:00:00:00.000000	27MAY2024:00:00:00.000000		4	2	0		24MAY2024:18:34:33.000000	2		0		0		cn		va							
S177952431	https://citsci-nw-data-prod.s3.amazonaws.com/photos/visits/2024/05/28/_76ie82.jpeg, https://citsci-nw-data-prod.s3.amazonaws.com/photos/visits/2024/05/28/_npeg3p.jpeg	grycat				A1769356	8	USER467984	L15504714	39.760016	-75.691629	US-DE	0.91	busshr			NW_2024	f2	10MAY2024:00:00:00.000000	27MAY2024:00:00:00.000000		4	2	0		28MAY2024:00:00:00.000000	0		2		0		cn	no	aa	ny						
S178453492	https://citsci-nw-data-prod.s3.amazonaws.com/photos/visits/2024/05/31/_l26ouq.jpeg	grycat				A1769356	8	USER467984	L15504714	39.760016	-75.691629	US-DE	0.91	busshr			NW_2024	f2	10MAY2024:00:00:00.000000	27MAY2024:00:00:00.000000		4	2	0		31MAY2024:16:55:55.000000	0		0		0		cn	no		no	0		0		0	
S174891185	https://citsci-nw-data-prod.s3.amazonaws.com/photos/visits/2024/05/16/_60d58i.jpeg	grycat				A1771508	5	USER467984	L31846667	39.736878	-75.656981	US-DE	1.52	busshr			NW_2024	f6	16MAY2024:00:00:00.000000			3	0	0	3	16MAY2024:12:22:11.000000	1		0		0		cn	no	va	no						
S175268054	https://citsci-nw-data-prod.s3.amazonaws.com/photos/visits/2024/05/18/_it9ohb.jpeg	grycat				A1771508	5	USER467984	L31846667	39.736878	-75.656981	US-DE	1.52	busshr			NW_2024	f6	16MAY2024:00:00:00.000000			3	0	0	3	18MAY2024:07:55:12.000000	2		0		0		cn	no	no	no						
S176231668	https://citsci-nw-data-prod.s3.amazonaws.com/photos/visits/2024/05/21/_j5tgkk.jpeg	grycat				A1771508	5	USER467984	L31846667	39.736878	-75.656981	US-DE	1.52	busshr			NW_2024	f6	16MAY2024:00:00:00.000000			3	0	0	3	21MAY2024:17:03:40.000000	3		0		0		cn	no	no	no						
S176607145	https://citsci-nw-data-prod.s3.amazonaws.com/photos/visits/2024/05/23/_h1svu8.jpeg	grycat				A1771508	5	USER467984	L31846667	39.736878	-75.656981	US-DE	1.52	busshr			NW_2024	f6	16MAY2024:00:00:00.000000			3	0	0	3	23MAY2024:16:32:49.000000	3		0		0		cn	no	aa	no						
S177583307		grycat				A1771508	5	USER467984	L31846667	39.736878	-75.656981	US-DE	1.52	busshr			NW_2024	f6	16MAY2024:00:00:00.000000			3	0	0	3	27MAY2024:11:48:14.000000	1		0		0		cn	no	no	no						
S178454291	https://citsci-nw-data-prod.s3.amazonaws.com/photos/visits/2024/05/31/_k8j8j4.jpeg	grycat				A1771508	5	USER467984	L31846667	39.736878	-75.656981	US-DE	1.52	busshr			NW_2024	f6	16MAY2024:00:00:00.000000			3	0	0	3	31MAY2024:17:00:02.000000	0		0		0		cn	no	no	no	0		0		0	
S177379097	https://citsci-nw-data-prod.s3.amazonaws.com/photos/visits/2024/05/26/_g7ants.jpeg	grycat				A1775453	2	USER263845	L32391711	39.084617	-77.13241	US-MD	1.22	busshr			NW_2024	f3								26MAY2024:15:27:21.000000	3		0		0		cn		va	no						
S177636775	https://citsci-nw-data-prod.s3.amazonaws.com/photos/visits/2024/05/27/_n6vuhg.jpeg	grycat				A1775453	2	USER263845	L32391711	39.084617	-77.13241	US-MD	1.22	busshr			NW_2024	f3								27MAY2024:14:55:43.000000	3						cn	no	ra	no						
S178427017	https://citsci-nw-data-prod.s3.amazonaws.com/photos/visits/2024/05/31/_hs658.jpeg	grycat				A1779218	2	USER662057	L32632191	42.296054	-73.833475	US-NY	1.22	busshr			NW_2024	s1		02JUN2024:00:00:00.000000	13JUN2024:00:00:00.000000	5	5	5	0	31MAY2024:14:32:29.000000	5						cn	no	no	no						
S178819729		grycat				A1779218	2	USER662057	L32632191	42.296054	-73.833475	US-NY	1.22	busshr			NW_2024	s1		02JUN2024:00:00:00.000000	13JUN2024:00:00:00.000000	5	5	5	0	02JUN2024:06:17:55.000000	1		4		0		cn		aa							
S179512030	https://citsci-nw-data-prod.s3.amazonaws.com/photos/visits/2024/06/05/.jpeg	grycat				A1779218	2	USER662057	L32632191	42.296054	-73.833475	US-NY	1.22	busshr			NW_2024	s1		02JUN2024:00:00:00.000000	13JUN2024:00:00:00.000000	5	5	5	0	05JUN2024:07:08:34.000000	0		5		0		cn	no	no	ny						
S180558865		grycat				A1779218	2	USER662057	L32632191	42.296054	-73.833475	US-NY	1.22	busshr			NW_2024	s1		02JUN2024:00:00:00.000000	13JUN2024:00:00:00.000000	5	5	5	0	10JUN2024:08:19:05.000000	0		1	999999999	0		cn		va	py						
S181102548		grycat				A1779218	2	USER662057	L32632191	42.296054	-73.833475	US-NY	1.22	busshr			NW_2024	s1		02JUN2024:00:00:00.000000	13JUN2024:00:00:00.000000	5	5	5	0	12JUN2024:17:57:40.000000	0		1	999999999			cn		fa	fy						
S181273184		grycat				A1779218	2	USER662057	L32632191	42.296054	-73.833475	US-NY	1.22	busshr			NW_2024	s1		02JUN2024:00:00:00.000000	13JUN2024:00:00:00.000000	5	5	5	0	13JUN2024:16:42:05.000000	0		1		0		cn		va	fy						
S181456980		grycat				A1779218	2	USER662057	L32632191	42.296054	-73.833475	US-NY	1.22	busshr			NW_2024	s1		02JUN2024:00:00:00.000000	13JUN2024:00:00:00.000000	5	5	5	0	14JUN2024:14:46:38.000000	0		0		0		cn	no	va	no	0		0		0	
S180646436	https://citsci-nw-data-prod.s3.amazonaws.com/photos/visits/2024/05/28/_sjv54r.jpeg, https://citsci-nw-data-prod.s3.amazonaws.com/photos/visits/2024/05/28/_jb853a.jpeg	grycat				A1782565	2	USER4836289	L33145603	37.604129	-77.484744	US-VA	1.22	busshr			NW_2024	f3	28MAY2024:00:00:00.000000	10JUN2024:00:00:00.000000						28MAY2024:00:00:00.000000	3						cn		va	hy						
S180646437		grycat				A1782565	2	USER4836289	L33145603	37.604129	-77.484744	US-VA	1.22	busshr			NW_2024	f3	28MAY2024:00:00:00.000000	10JUN2024:00:00:00.000000						28MAY2024:00:00:00.000000	3						cn		va	hy						
S181243422		grycat				A1782565	2	USER4836289	L33145603	37.604129	-77.484744	US-VA	1.22	busshr			NW_2024	f3	28MAY2024:00:00:00.000000	10JUN2024:00:00:00.000000						10JUN2024:00:00:00.000000	1		2				cn		fa	hy						
S181244037		grycat				A1782565	2	USER4836289	L33145603	37.604129	-77.484744	US-VA	1.22	busshr			NW_2024	f3	28MAY2024:00:00:00.000000	10JUN2024:00:00:00.000000						12JUN2024:00:00:00.000000	1		1		0		cn	pm	va	ny						
S181244380		grycat				A1782565	2	USER4836289	L33145603	37.604129	-77.484744	US-VA	1.22	busshr			NW_2024	f3	28MAY2024:00:00:00.000000	10JUN2024:00:00:00.000000						13JUN2024:13:16:55.000000	0		0		0		dn		no	no	0		0		0	
S239369201	https://citsci-nw-data-prod.s3.amazonaws.com/photos/visits/2025/05/17/_4j3qms.jpeg, https://citsci-nw-data-prod.s3.amazonaws.com/photos/visits/2025/05/17/_ur9g2c.jpeg, https://citsci-nw-data-prod.s3.amazonaws.com/photos/visits/2025/05/17/_p9d07e.jpeg	grycat				A1937594	4	USER3190726	L45286796	40.839446	-76.909001	US-PA	1.98	busshr			NW_2025	f6				4	0	0	4	17MAY2025:15:57:22.000000	4		0		0		cn	no	va	no						
S240631781	https://citsci-nw-data-prod.s3.amazonaws.com/photos/visits/2025/05/20/_abhpi9.jpeg	grycat				A1937594	4	USER3190726	L45286796	40.839446	-76.909001	US-PA	1.98	busshr			NW_2025	f6				4	0	0	4	20MAY2025:12:58:27.000000	4		0		0		cn	no	no	no						
S241643435		grycat				A1937594	4	USER3190726	L45286796	40.839446	-76.909001	US-PA	1.98	busshr			NW_2025	f6				4	0	0	4	23MAY2025:15:19:44.000000	4		0		0		cn	no	va	no						
S244362064		grycat				A1937594	4	USER3190726	L45286796	40.839446	-76.909001	US-PA	1.98	busshr			NW_2025	f6				4	0	0	4	26MAY2025:00:00:00.000000	1	999999999	0		0		cn	no	no	no						
S245535021		grycat				A1937594	4	USER3190726	L45286796	40.839446	-76.909001	US-PA	1.98	busshr			NW_2025	f6				4	0	0	4	31MAY2025:00:00:00.000000	4		0		0		cn	no	no	no						
S241008723	https://citsci-nw-data-prod.s3.amazonaws.com/photos/visits/2025/05/21/90970cfc-d81c-4b09.jpeg	grycat				A1944524	8	USER5542293	L45618885	44.365027	-69.747747	US-ME	0.91	busshr			NW_2025	f3								21MAY2025:12:00:00.000000	2						cn	no	va							
S241703484	https://citsci-nw-data-prod.s3.amazonaws.com/photos/visits/2025/05/23/5bbb5be3-e89c-4995.jpeg	grycat				A1944524	8	USER5542293	L45618885	44.365027	-69.747747	US-ME	0.91	busshr			NW_2025	f3								23MAY2025:12:00:00.000000	4						cn	no	va							
S243242218	https://citsci-nw-data-prod.s3.amazonaws.com/photos/visits/2025/05/26/594c2d83-0510-483b.jpeg	grycat				A1944524	8	USER5542293	L45618885	44.365027	-69.747747	US-ME	0.91	busshr			NW_2025	f3								26MAY2025:12:00:00.000000	4						cn	no	va							
S243982958	https://citsci-nw-data-prod.s3.amazonaws.com/photos/visits/2025/05/28/92b9656d-0db0-41d4.jpeg	grycat				A1944524	8	USER5542293	L45618885	44.365027	-69.747747	US-ME	0.91	busshr			NW_2025	f3								28MAY2025:12:00:00.000000	4						cn	no	va							
S244738471		grycat				A1944524	8	USER5542293	L45618885	44.365027	-69.747747	US-ME	0.91	busshr			NW_2025	f3								30MAY2025:12:00:00.000000	4						cn	no	aa							
S246042519	https://citsci-nw-data-prod.s3.amazonaws.com/photos/visits/2025/06/01/b7845058-dc5b-44b2.jpeg	grycat				A1944524	8	USER5542293	L45618885	44.365027	-69.747747	US-ME	0.91	busshr			NW_2025	f3								01JUN2025:03:41:00.000000	4						cn	no	va							
S246471346	https://citsci-nw-data-prod.s3.amazonaws.com/photos/visits/2025/06/03/bb0fe3e3-b3c9-456e.jpeg, https://citsci-nw-data-prod.s3.amazonaws.com/photos/visits/2025/06/03/fc8f02ab-a804-4633.jpeg	grycat				A1944524	8	USER5542293	L45618885	44.365027	-69.747747	US-ME	0.91	busshr			NW_2025	f3								03JUN2025:12:00:00.000000	2						cn	no	va							
S248971950	https://citsci-nw-data-prod.s3.amazonaws.com/photos/visits/2025/06/09/77a197b4-80b5-4c35.jpeg	grycat				A1944524	8	USER5542293	L45618885	44.365027	-69.747747	US-ME	0.91	busshr			NW_2025	f3								09JUN2025:04:26:00.000000	0						cn	no	no	no						
S243512936	https://citsci-nw-data-prod.s3.amazonaws.com/photos/visits/2025/05/27/d5b9dc2f-e340-42af.jpeg, https://citsci-nw-data-prod.s3.amazonaws.com/photos/visits/2025/05/27/1776e33a-1619-47df.jpeg, https://citsci-nw-data-prod.s3.amazonaws.com/photos/visits/2025/05/27/579d0a22-2745-4650.jpeg	grycat				A1946665	6	USER6180817	L46150686	39.482002	-76.894682	US-MD	0.91	busshr			NW_2025	f2	27MAY2025:00:00:00.000000	12JUN2025:00:00:00.000000		3	0	0	0	27MAY2025:12:00:00.000000	1		0		0		cn	no	aa	no						
S244337405		grycat				A1946665	6	USER6180817	L46150686	39.482002	-76.894682	US-MD	0.91	busshr			NW_2025	f2	27MAY2025:00:00:00.000000	12JUN2025:00:00:00.000000		3	0	0	0	29MAY2025:12:00:00.000000	3		0		0											
S244977950		grycat				A1946665	6	USER6180817	L46150686	39.482002	-76.894682	US-MD	0.91	busshr			NW_2025	f2	27MAY2025:00:00:00.000000	12JUN2025:00:00:00.000000		3	0	0	0	31MAY2025:12:00:00.000000	3		0		0		cn	no	aa	no						
S246057390		grycat				A1946665	6	USER6180817	L46150686	39.482002	-76.894682	US-MD	0.91	busshr			NW_2025	f2	27MAY2025:00:00:00.000000	12JUN2025:00:00:00.000000		3	0	0	0	02JUN2025:12:00:00.000000	3		0		0		cn	no	aa	no						
S246591809		grycat				A1946665	6	USER6180817	L46150686	39.482002	-76.894682	US-MD	0.91	busshr			NW_2025	f2	27MAY2025:00:00:00.000000	12JUN2025:00:00:00.000000		3	0	0	0	04JUN2025:12:00:00.000000	3		0		0		cn	no	aa	hy						
S247262672		grycat				A1946665	6	USER6180817	L46150686	39.482002	-76.894682	US-MD	0.91	busshr			NW_2025	f2	27MAY2025:00:00:00.000000	12JUN2025:00:00:00.000000		3	0	0	0	06JUN2025:12:00:00.000000	3		0		0		cn	no	aa	hy						
S248492948		grycat				A1946665	6	USER6180817	L46150686	39.482002	-76.894682	US-MD	0.91	busshr			NW_2025	f2	27MAY2025:00:00:00.000000	12JUN2025:00:00:00.000000		3	0	0	0	08JUN2025:08:38:00.000000	3		0		0		cn	no	aa	hy						
S248821726		grycat				A1946665	6	USER6180817	L46150686	39.482002	-76.894682	US-MD	0.91	busshr			NW_2025	f2	27MAY2025:00:00:00.000000	12JUN2025:00:00:00.000000		3	0	0	0	10JUN2025:12:00:00.000000	3		0		0		cn	no	aa	hy						
S249491723	https://citsci-nw-data-prod.s3.amazonaws.com/photos/visits/2025/06/12/2fcac0f4-ac0c-4bc2.jpeg, https://citsci-nw-data-prod.s3.amazonaws.com/photos/visits/2025/06/12/a5a2a57a-df17-4dca.jpeg, https://citsci-nw-data-prod.s3.amazonaws.com/photos/visits/2025/06/12/c7d810ad-64f2-486e.jpeg	grycat				A1946665	6	USER6180817	L46150686	39.482002	-76.894682	US-MD	0.91	busshr			NW_2025	f2	27MAY2025:00:00:00.000000	12JUN2025:00:00:00.000000		3	0	0	0	12JUN2025:12:00:00.000000	0		3		0		cn	no	va	ny						
S250302071		grycat				A1946665	6	USER6180817	L46150686	39.482002	-76.894682	US-MD	0.91	busshr			NW_2025	f2	27MAY2025:00:00:00.000000	12JUN2025:00:00:00.000000		3	0	0	0	14JUN2025:12:00:00.000000	0		0		0		dn	no	no	no						
S244727446	https://citsci-nw-data-prod.s3.amazonaws.com/photos/visits/2025/05/30/IMG0735.jpeg	grycat				A1947973	2	USER1642133	L46403366	32.443522	-90.168599	US-MS	2.7432	busshr	NW-ry	NW-ry	NW_2025	s1	16MAY2025:00:00:00.000000	29MAY2025:00:00:00.000000	09JUN2025:00:00:00.000000	3	3	3	0	30MAY2025:00:00:00.000000	0		3		1	999999999	cn	no	aa	ny	0		0		0	
S246449110		grycat				A1947973	2	USER1642133	L46403366	32.443522	-90.168599	US-MS	2.7432	busshr	NW-ry	NW-ry	NW_2025	s1	16MAY2025:00:00:00.000000	29MAY2025:00:00:00.000000	09JUN2025:00:00:00.000000	3	3	3	0	03JUN2025:00:00:00.000000	0		1	999999999	1	999999999	cn	no	va	py	0		0		0	
S248939891	https://citsci-nw-data-prod.s3.amazonaws.com/photos/visits/2025/06/10/IMG0764.jpeg	grycat				A1947973	2	USER1642133	L46403366	32.443522	-90.168599	US-MS	2.7432	busshr	NW-ry	NW-ry	NW_2025	s1	16MAY2025:00:00:00.000000	29MAY2025:00:00:00.000000	09JUN2025:00:00:00.000000	3	3	3	0	10JUN2025:00:00:00.000000	0		0		0		cn	no	no	no	0		0		0	
S254143561	https://citsci-nw-data-prod.s3.amazonaws.com/photos/visits/2025/06/25/9cc65f27-bbd7-4b16.jpeg, https://citsci-nw-data-prod.s3.amazonaws.com/photos/visits/2025/06/25/8d3ae982-0315-4416.jpeg	grycat				A1957870	11	USER5268030	L48470578	44.810116	-93.604227	US-MN	0.91	busshr			NW_2025	s1	29JUN2025:00:00:00.000000	13JUL2025:00:00:00.000000	24JUL2025:00:00:00.000000	3	2	2	1	25JUN2025:12:00:00.000000	0		0		0		in	nm	ba	no						
S254712835	https://citsci-nw-data-prod.s3.amazonaws.com/photos/visits/2025/06/27/0a4344cd-369c-4e60.jpeg, https://citsci-nw-data-prod.s3.amazonaws.com/photos/visits/2025/06/27/23bd72e6-02e5-4e40.jpeg, https://citsci-nw-data-prod.s3.amazonaws.com/photos/visits/2025/06/27/2dcb59b4-fdfa-4ec2.jpeg	grycat				A1957870	11	USER5268030	L48470578	44.810116	-93.604227	US-MN	0.91	busshr			NW_2025	s1	29JUN2025:00:00:00.000000	13JUL2025:00:00:00.000000	24JUL2025:00:00:00.000000	3	2	2	1	27JUN2025:12:00:00.000000	0		0		0		cn	no	ba	no	0		0		0	
S255357193		grycat				A1957870	11	USER5268030	L48470578	44.810116	-93.604227	US-MN	0.91	busshr			NW_2025	s1	29JUN2025:00:00:00.000000	13JUL2025:00:00:00.000000	24JUL2025:00:00:00.000000	3	2	2	1	29JUN2025:12:00:00.000000	1		0		0		cn	no	aa	no						
S255609043		grycat				A1957870	11	USER5268030	L48470578	44.810116	-93.604227	US-MN	0.91	busshr			NW_2025	s1	29JUN2025:00:00:00.000000	13JUL2025:00:00:00.000000	24JUL2025:00:00:00.000000	3	2	2	1	30JUN2025:12:00:00.000000	2		0		0		cn	no	aa	no						
S255968642		grycat				A1957870	11	USER5268030	L48470578	44.810116	-93.604227	US-MN	0.91	busshr			NW_2025	s1	29JUN2025:00:00:00.000000	13JUL2025:00:00:00.000000	24JUL2025:00:00:00.000000	3	2	2	1	01JUL2025:12:00:00.000000	3		0		0		cn	no	va	no						
S256229211	https://citsci-nw-data-prod.s3.amazonaws.com/photos/visits/2025/07/02/20f770b8-bcef-4434.jpeg, https://citsci-nw-data-prod.s3.amazonaws.com/photos/visits/2025/07/02/0ed7594d-e5cb-487c.jpeg	grycat				A1957870	11	USER5268030	L48470578	44.810116	-93.604227	US-MN	0.91	busshr			NW_2025	s1	29JUN2025:00:00:00.000000	13JUL2025:00:00:00.000000	24JUL2025:00:00:00.000000	3	2	2	1	02JUL2025:12:00:00.000000	3		0		0		cn	no	aa	no						
S256542566		grycat				A1957870	11	USER5268030	L48470578	44.810116	-93.604227	US-MN	0.91	busshr			NW_2025	s1	29JUN2025:00:00:00.000000	13JUL2025:00:00:00.000000	24JUL2025:00:00:00.000000	3	2	2	1	03JUL2025:12:00:00.000000	3		0		0		cn	no	ra	no						
S257604718		grycat				A1957870	11	USER5268030	L48470578	44.810116	-93.604227	US-MN	0.91	busshr			NW_2025	s1	29JUN2025:00:00:00.000000	13JUL2025:00:00:00.000000	24JUL2025:00:00:00.000000	3	2	2	1	06JUL2025:12:00:00.000000	3		0		0		cn	no	ra	no						
S258783368		grycat				A1957870	11	USER5268030	L48470578	44.810116	-93.604227	US-MN	0.91	busshr			NW_2025	s1	29JUN2025:00:00:00.000000	13JUL2025:00:00:00.000000	24JUL2025:00:00:00.000000	3	2	2	1	10JUL2025:12:00:00.000000	3		0		0		cn	no	ra	no						
S259549469	https://citsci-nw-data-prod.s3.amazonaws.com/photos/visits/2025/07/13/fb269b4b-498e-4f85.jpeg	grycat				A1957870	11	USER5268030	L48470578	44.810116	-93.604227	US-MN	0.91	busshr			NW_2025	s1	29JUN2025:00:00:00.000000	13JUL2025:00:00:00.000000	24JUL2025:00:00:00.000000	3	2	2	1	13JUL2025:12:00:00.000000	2		1		0		cn	no	va	hy						
S259848968	https://citsci-nw-data-prod.s3.amazonaws.com/photos/visits/2025/07/14/49a31250-54ac-4261.jpeg	grycat				A1957870	11	USER5268030	L48470578	44.810116	-93.604227	US-MN	0.91	busshr			NW_2025	s1	29JUN2025:00:00:00.000000	13JUL2025:00:00:00.000000	24JUL2025:00:00:00.000000	3	2	2	1	14JUL2025:12:00:00.000000	1		2		0		cn	no	va	hy						
S260397973		grycat				A1957870	11	USER5268030	L48470578	44.810116	-93.604227	US-MN	0.91	busshr			NW_2025	s1	29JUN2025:00:00:00.000000	13JUL2025:00:00:00.000000	24JUL2025:00:00:00.000000	3	2	2	1	16JUL2025:12:00:00.000000	1		2		0		cn	no	aa	ny						
S261139294	https://citsci-nw-data-prod.s3.amazonaws.com/photos/visits/2025/07/19/78b255e2-bfb5-4076.jpeg	grycat				A1957870	11	USER5268030	L48470578	44.810116	-93.604227	US-MN	0.91	busshr			NW_2025	s1	29JUN2025:00:00:00.000000	13JUL2025:00:00:00.000000	24JUL2025:00:00:00.000000	3	2	2	1	19JUL2025:12:00:00.000000	1		2		0		cn	no	ra	py						
S262461433	https://citsci-nw-data-prod.s3.amazonaws.com/photos/visits/2025/07/24/92e22acb-af93-491a.jpeg	grycat				A1957870	11	USER5268030	L48470578	44.810116	-93.604227	US-MN	0.91	busshr			NW_2025	s1	29JUN2025:00:00:00.000000	13JUL2025:00:00:00.000000	24JUL2025:00:00:00.000000	3	2	2	1	24JUL2025:12:00:00.000000	1		0		0		cn	no	va	no						
S255722568	https://citsci-nw-data-prod.s3.amazonaws.com/photos/visits/2025/06/30/5f8e4ab1-9f3e-4e20.jpeg	grycat				A1959320	2	USER743781	L48830985	42.558117	-73.547109	US-NY	0.9144	busshr	NW-fw	NW-ry	NW_2025	f2		10JUL2025:00:00:00.000000		3				30JUN2025:12:00:00.000000	3		0		0		cn	no	va	no						
S256544376		grycat				A1959320	2	USER743781	L48830985	42.558117	-73.547109	US-NY	0.9144	busshr	NW-fw	NW-ry	NW_2025	f2		10JUL2025:00:00:00.000000		3				03JUL2025:12:00:00.000000	1	999999999	0		0		cn	no	ra	no						
S258392774		grycat				A1959320	2	USER743781	L48830985	42.558117	-73.547109	US-NY	0.9144	busshr	NW-fw	NW-ry	NW_2025	f2		10JUL2025:00:00:00.000000		3				09JUL2025:12:00:00.000000	1	999999999	0		0		cn	no	ra	no						
S258640679	https://citsci-nw-data-prod.s3.amazonaws.com/photos/visits/2025/07/10/fa74118d-9aa2-44f0.jpeg	grycat				A1959320	2	USER743781	L48830985	42.558117	-73.547109	US-NY	0.9144	busshr	NW-fw	NW-ry	NW_2025	f2		10JUL2025:00:00:00.000000		3				10JUL2025:12:00:00.000000	1		2		0		cn	no	no	ny						
S259202288		grycat				A1959320	2	USER743781	L48830985	42.558117	-73.547109	US-NY	0.9144	busshr	NW-fw	NW-ry	NW_2025	f2		10JUL2025:00:00:00.000000		3				11JUL2025:12:00:00.000000	1	999999999	1	999999999	0		cn	no	ra							
S259202615		grycat				A1959320	2	USER743781	L48830985	42.558117	-73.547109	US-NY	0.9144	busshr	NW-fw	NW-ry	NW_2025	f2		10JUL2025:00:00:00.000000		3				12JUL2025:12:00:00.000000	0		0		0		cn	no	no	no						
S256545761	https://citsci-nw-data-prod.s3.amazonaws.com/photos/visits/2025/07/02/IMG2029.jpg	grycat				A1959961	1	USER1722704	L49009369	44.997439	-93.240266	US-MN	1.2192	busshr	NW-ry	NW-ry	NW_2025	f3	29JUN2025:00:00:00.000000			3	0	0	3	02JUL2025:00:00:00.000000	2		0		0		an	no	va	no	0		0		0	
S256546653		grycat				A1959961	1	USER1722704	L49009369	44.997439	-93.240266	US-MN	1.2192	busshr	NW-ry	NW-ry	NW_2025	f3	29JUN2025:00:00:00.000000			3	0	0	3	03JUL2025:00:00:00.000000	2		0		0		cn	no	aa	no	0		0		0	
S257806728		grycat				A1959961	1	USER1722704	L49009369	44.997439	-93.240266	US-MN	1.2192	busshr	NW-ry	NW-ry	NW_2025	f3	29JUN2025:00:00:00.000000			3	0	0	3	06JUL2025:00:00:00.000000	3		0		0		cn	no	aa	no	0		0		0	
S259909673		grycat				A1959961	1	USER1722704	L49009369	44.997439	-93.240266	US-MN	1.2192	busshr	NW-ry	NW-ry	NW_2025	f3	29JUN2025:00:00:00.000000			3	0	0	3	11JUL2025:00:00:00.000000	0		0		0		dn	no	no	no	0		0		0	
																																										
					No. of nests with pics and success data																																					
					54																																					